-- phpMyAdmin SQL Dump
-- version 4.9.5deb2
-- https://www.phpmyadmin.net/
--
-- Servidor: localhost:3306
-- Tiempo de generación: 10-05-2023 a las 07:17:52
-- Versión del servidor: 8.0.33-0ubuntu0.20.04.1
-- Versión de PHP: 7.4.3-4ubuntu2.18

SET SQL_MODE = "NO_AUTO_VALUE_ON_ZERO";
SET AUTOCOMMIT = 0;
START TRANSACTION;
SET time_zone = "+00:00";


/*!40101 SET @OLD_CHARACTER_SET_CLIENT=@@CHARACTER_SET_CLIENT */;
/*!40101 SET @OLD_CHARACTER_SET_RESULTS=@@CHARACTER_SET_RESULTS */;
/*!40101 SET @OLD_COLLATION_CONNECTION=@@COLLATION_CONNECTION */;
/*!40101 SET NAMES utf8mb4 */;

--
-- Base de datos: `certis_muni`
--

-- --------------------------------------------------------

--
-- Estructura de tabla para la tabla `aprobacion`
--

CREATE TABLE `aprobacion` (
  `id` int NOT NULL,
  `fecha` datetime NOT NULL DEFAULT CURRENT_TIMESTAMP,
  `observaciones` varchar(500) CHARACTER SET utf8mb4 COLLATE utf8mb4_unicode_ci DEFAULT NULL,
  `id_usuario` int NOT NULL,
  `id_certi` int NOT NULL,
  `created_at` timestamp NOT NULL DEFAULT CURRENT_TIMESTAMP,
  `updated_at` timestamp NOT NULL DEFAULT CURRENT_TIMESTAMP
) ENGINE=InnoDB DEFAULT CHARSET=utf8mb4 COLLATE=utf8mb4_unicode_ci;

--
-- Volcado de datos para la tabla `aprobacion`
--

INSERT INTO `aprobacion` (`id`, `fecha`, `observaciones`, `id_usuario`, `id_certi`, `created_at`, `updated_at`) VALUES
(1, '2023-05-05 20:14:42', NULL, 1, 160, '2023-05-05 20:14:42', '2023-05-05 20:14:42'),
(2, '2023-05-09 21:21:19', '.', 1, 306, '2023-05-09 21:21:19', '2023-05-09 21:21:19'),
(3, '2023-05-09 21:21:34', NULL, 1, 307, '2023-05-09 21:21:34', '2023-05-09 21:21:34'),
(4, '2023-05-09 21:21:44', NULL, 1, 308, '2023-05-09 21:21:44', '2023-05-09 21:21:44'),
(5, '2023-05-09 22:47:32', NULL, 1, 310, '2023-05-09 22:47:32', '2023-05-09 22:47:32'),
(6, '2023-05-09 22:53:52', NULL, 1, 351, '2023-05-09 22:53:52', '2023-05-09 22:53:52'),
(7, '2023-05-10 04:41:29', NULL, 1, 352, '2023-05-10 04:41:29', '2023-05-10 04:41:29'),
(8, '2023-05-10 04:41:53', NULL, 1, 353, '2023-05-10 04:41:53', '2023-05-10 04:41:53'),
(9, '2023-05-10 04:42:03', NULL, 1, 354, '2023-05-10 04:42:03', '2023-05-10 04:42:03'),
(10, '2023-05-10 04:42:11', NULL, 1, 355, '2023-05-10 04:42:11', '2023-05-10 04:42:11'),
(11, '2023-05-10 04:42:23', NULL, 1, 356, '2023-05-10 04:42:23', '2023-05-10 04:42:23'),
(12, '2023-05-10 04:42:30', NULL, 1, 357, '2023-05-10 04:42:30', '2023-05-10 04:42:30'),
(13, '2023-05-10 04:42:41', NULL, 1, 358, '2023-05-10 04:42:41', '2023-05-10 04:42:41'),
(14, '2023-05-10 04:43:03', NULL, 1, 320, '2023-05-10 04:43:03', '2023-05-10 04:43:03'),
(15, '2023-05-10 04:43:12', NULL, 1, 318, '2023-05-10 04:43:12', '2023-05-10 04:43:12'),
(16, '2023-05-10 04:43:20', NULL, 1, 319, '2023-05-10 04:43:20', '2023-05-10 04:43:20'),
(17, '2023-05-10 04:43:27', NULL, 1, 317, '2023-05-10 04:43:27', '2023-05-10 04:43:27'),
(18, '2023-05-10 04:43:38', NULL, 1, 321, '2023-05-10 04:43:38', '2023-05-10 04:43:38'),
(19, '2023-05-10 04:43:53', NULL, 1, 325, '2023-05-10 04:43:53', '2023-05-10 04:43:53'),
(20, '2023-05-10 04:44:02', NULL, 1, 330, '2023-05-10 04:44:02', '2023-05-10 04:44:02'),
(21, '2023-05-10 04:44:12', NULL, 1, 331, '2023-05-10 04:44:12', '2023-05-10 04:44:12'),
(22, '2023-05-10 04:44:19', NULL, 1, 316, '2023-05-10 04:44:19', '2023-05-10 04:44:19'),
(23, '2023-05-10 04:44:30', NULL, 1, 334, '2023-05-10 04:44:30', '2023-05-10 04:44:30'),
(24, '2023-05-10 04:46:09', NULL, 1, 350, '2023-05-10 04:46:09', '2023-05-10 04:46:09'),
(25, '2023-05-10 04:46:18', NULL, 1, 326, '2023-05-10 04:46:18', '2023-05-10 04:46:18'),
(26, '2023-05-10 04:46:26', NULL, 1, 311, '2023-05-10 04:46:26', '2023-05-10 04:46:26'),
(27, '2023-05-10 04:46:42', NULL, 1, 335, '2023-05-10 04:46:42', '2023-05-10 04:46:42'),
(28, '2023-05-10 05:22:49', NULL, 1, 173, '2023-05-10 05:22:49', '2023-05-10 05:22:49'),
(29, '2023-05-10 05:23:14', NULL, 1, 181, '2023-05-10 05:23:14', '2023-05-10 05:23:14'),
(30, '2023-05-10 05:23:30', NULL, 1, 171, '2023-05-10 05:23:30', '2023-05-10 05:23:30'),
(31, '2023-05-10 05:23:42', NULL, 1, 172, '2023-05-10 05:23:42', '2023-05-10 05:23:42');

-- --------------------------------------------------------

--
-- Estructura de tabla para la tabla `certi`
--

CREATE TABLE `certi` (
  `id` int NOT NULL,
  `numero` varchar(50) CHARACTER SET utf8mb4 COLLATE utf8mb4_unicode_ci DEFAULT NULL,
  `fecha_extension` date NOT NULL,
  `fecha_vencimiento` date DEFAULT NULL,
  `unidades_funcionales_existentes` varchar(50) COLLATE utf8mb4_unicode_ci DEFAULT NULL,
  `unidades_funcionales_autorizadas` varchar(50) COLLATE utf8mb4_unicode_ci DEFAULT NULL,
  `fecha_pago_licencia` date DEFAULT NULL,
  `no_licencia` varchar(30) CHARACTER SET utf8mb4 COLLATE utf8mb4_unicode_ci DEFAULT NULL,
  `no_expediente` varchar(30) CHARACTER SET utf8mb4 COLLATE utf8mb4_unicode_ci NOT NULL,
  `destino_autorizado` varchar(150) COLLATE utf8mb4_unicode_ci DEFAULT NULL,
  `nombre_propietario` varchar(250) CHARACTER SET utf8mb4 COLLATE utf8mb4_unicode_ci NOT NULL,
  `codigo_inmueble` varchar(150) COLLATE utf8mb4_unicode_ci DEFAULT NULL,
  `direccion_inmueble` varchar(300) CHARACTER SET utf8mb4 COLLATE utf8mb4_unicode_ci NOT NULL,
  `zona` varchar(20) COLLATE utf8mb4_unicode_ci DEFAULT NULL,
  `area_construccion_autorizada` varchar(100) CHARACTER SET utf8mb4 COLLATE utf8mb4_unicode_ci NOT NULL,
  `cantidad_niveles` varchar(50) COLLATE utf8mb4_unicode_ci DEFAULT NULL,
  `m_cuadrados_muro_perimetral` int DEFAULT NULL,
  `costo_obra` varchar(100) CHARACTER SET utf8mb4 COLLATE utf8mb4_unicode_ci NOT NULL,
  `razonamiento` varchar(500) CHARACTER SET utf8mb4 COLLATE utf8mb4_unicode_ci DEFAULT NULL,
  `estado` int NOT NULL DEFAULT '0',
  `id_autorizacion_uso_certi` int DEFAULT NULL,
  `id_usuario_jefatura_valida` int DEFAULT NULL,
  `id_usuario_subio_certi` int NOT NULL,
  `id_paquete` int NOT NULL,
  `created_at` timestamp NOT NULL DEFAULT CURRENT_TIMESTAMP ON UPDATE CURRENT_TIMESTAMP,
  `updated_at` timestamp NOT NULL DEFAULT CURRENT_TIMESTAMP
) ENGINE=InnoDB DEFAULT CHARSET=utf8mb4 COLLATE=utf8mb4_unicode_ci;

--
-- Volcado de datos para la tabla `certi`
--

INSERT INTO `certi` (`id`, `numero`, `fecha_extension`, `fecha_vencimiento`, `unidades_funcionales_existentes`, `unidades_funcionales_autorizadas`, `fecha_pago_licencia`, `no_licencia`, `no_expediente`, `destino_autorizado`, `nombre_propietario`, `codigo_inmueble`, `direccion_inmueble`, `zona`, `area_construccion_autorizada`, `cantidad_niveles`, `m_cuadrados_muro_perimetral`, `costo_obra`, `razonamiento`, `estado`, `id_autorizacion_uso_certi`, `id_usuario_jefatura_valida`, `id_usuario_subio_certi`, `id_paquete`, `updated_at`) VALUES
(159, NULL, '2023-05-05', '2023-06-05', NULL, '1', NULL, 'L23-218-JM68', 'VUNM5-010323', 'VIVIENDA UNIFAMILIAR', 'MARROQUIN, BELIA ROSA EVHEVERRIA ACEVEDO DE', '202599', '15 CALLE 9B-30 LOTE 7 MZ K', '5', '181.9', '2', NULL, 'Q523,644.00', NULL, 2, NULL, NULL, 2, 25, '2023-05-05 17:43:21'),
(160, '0563-2023', '2023-05-05', '2023-06-05', NULL, '2', NULL, 'L23-220-JM66', 'VUNL6-010323', 'VIVIENDA BIFAMILIAR', 'LOPEZ SANCHEZ, LAZARO', '202815', '9 CALLE 2-31', '6', '200.72', '2', NULL, 'Q520,889.00', NULL, 1, NULL, NULL, 2, 25, '2023-05-05 20:14:42'),
(161, '0562-2023', '2023-05-05', '2023-06-05', NULL, '1', NULL, 'L23-219-JM58', 'VUNT8-010323', 'VIVIENDA UNIFAMILIAR', 'TAX RAMIREZ, DEBORA ABIGAIL', '201344', '9 CALLE B 36C-52', '8', '214.56', '2', NULL, 'Q596,385.50', NULL, 0, NULL, NULL, 2, 25, '2023-05-05 17:19:28'),
(162, '0566-2023', '2023-05-05', '2023-06-05', NULL, '1', NULL, 'L23-165-NR002', 'RPNM10-020123', 'VIVIENDA UNIFAMILIAR', 'MORALES RACANCOJ, BYRON JOSUE', '202624', '6 CALLE 6-26J INTERIOR', '10', '175.02', '2', NULL, 'Q512,392.00', NULL, 0, NULL, NULL, 2, 25, '2023-05-05 17:19:28'),
(163, '0578-20230', '2023-05-05', '2023-06-05', NULL, '4', NULL, 'L22-850-SP094', 'VUNS9-030722', '4 CLINICAS', 'SIQUINA YAC, PEDRO GONZALO', '201673', '6 AVENIDA 0-44', '9', '348.6', '4', NULL, 'Q1,081,633.00', NULL, 0, NULL, NULL, 2, 25, '2023-05-05 17:19:28'),
(164, '0564-2023', '2023-05-05', '2023-06-05', NULL, '1', NULL, 'L22-471-NR067', 'VUNS1-020522', 'VIVIENDA UNIFAMILIAR', 'SOCH CHUVAC, HECTOR RAUL', '198614', '10 CALLE 15-25', '1', '99.96', '2', NULL, 'Q258,083.00', NULL, 0, NULL, NULL, 2, 25, '2023-05-05 17:19:28'),
(165, '0577-2023', '2023-05-05', '2023-06-05', NULL, '1', NULL, 'L23- 177-JM193', 'RPNT6-401122', 'VIVIENDA UNIFAMILIAR', 'TOC, REBECA MORALES TAMBRIZ DE', '158108', 'CERO AVENIDA C 2-40 LOTE 140', '6', '60.79', '1', NULL, 'Q133,109.00', NULL, 0, NULL, NULL, 2, 25, '2023-05-05 17:19:28'),
(166, '0579-2023', '2023-05-05', '2023-06-05', NULL, '4', NULL, 'L23-072-SP142', 'RPNP8-511122', '4 APARTAMENTOS', 'PEREZ, GRACIELA MARISOL AGUILAR LOPEZ DE', '132189', '34 AVENIDA D2-68', '8', '727.14', '3', NULL, 'Q1,811,853.00', NULL, 0, NULL, NULL, 2, 25, '2023-05-05 17:19:28'),
(167, '0583-2023', '2023-05-05', '2023-06-05', NULL, '1', NULL, 'L22-465-LG073', 'RPNCR-010122', 'VIVIENDA UNIFAMILIAR / USO PARA GUARDAR ANIMALES', 'CITALAN OROZCO, WILFRIDO ALEXIO', '201703', 'CANTON CHUICAVIOC SECTOR 2', 'R', '101.25', '1', NULL, 'Q202,500.00', NULL, 0, NULL, NULL, 2, 25, '2023-05-05 17:19:28'),
(168, '0576-2023', '2023-05-05', '2023-06-05', NULL, '1', NULL, 'L22-457-SP160', 'RPNP6-120522', 'VIVIENDA UNIFAMILIAR', 'PEREZ ALVAREZ, PEDRO MIGUEL Y CONDUEÑO', '202583', '6 CALLE 3-75E INTERIOR', '6', '152.63', '1', NULL, 'Q305,260.00', NULL, 0, NULL, NULL, 2, 25, '2023-05-05 17:19:28'),
(169, '0572-2023', '2023-05-05', '2023-06-05', NULL, '1', NULL, 'L21-771-MP143', 'VUNM5-081021', 'VIVIENDA UNIFAMILIAR', 'MALDONADO REYES, MIRIAM VERONICA', '174129', '11 AVENIDA 1-81 LOTE 41 MZ G', '5', '104.9', '2', NULL, 'Q302,208.50', NULL, 0, NULL, NULL, 2, 25, '2023-05-05 17:19:28'),
(170, '0574-2023', '2023-05-05', '2023-06-05', NULL, '1', NULL, 'L21-845-SP172', 'VUNS12-060821', 'VIVIENDA UNIFAMILIAR', 'SANCHEZ YXCARAGUA, MIGUEL FERNANDO', '199306', '8 CALLE 0-92 LOTE 5', '12', '127.22', '2', NULL, 'Q331,735.00', NULL, 0, NULL, NULL, 2, 25, '2023-05-05 17:19:28'),
(171, '0582-2023', '2023-05-05', '2023-06-05', NULL, '1', NULL, 'L21-459-NR047', 'VUNCR-310521', 'VIVIENDA UNIFAMILIAR', 'COMPLEJOS COLONIALES S.A.', '198489', 'LOTE 21 MZ C CONDOMINIO XELAGARDENS FASE 3', 'R', '98.06', '2', NULL, 'Q252,920.00', 'CAMBIO DE PROPIETARIO', 1, NULL, NULL, 2, 25, '2023-05-10 05:23:30'),
(172, '0568-2023', '2023-05-05', '2023-06-05', NULL, '1', NULL, 'L21-936-NR189', 'RPNP9-060321', 'VIVIENDA UNIFAMILIAR', 'PAXTOR MALDONADO, SANTOS DEMETRIO', '201345', 'CALLEJON 5B 6-152', '9', '278.45', '2', NULL, 'Q696,125.00', NULL, 1, NULL, NULL, 2, 25, '2023-05-10 05:23:42'),
(173, '0575-2023', '2023-05-05', '2023-06-05', NULL, '1', NULL, 'L20-181-SP054', 'VUNI10-020220', 'VIVIENDA UNIFAMILIAR', 'INMOBILIARIA ANDINA S.A.', '195677', '13 CALLE 0-60 LOTE 17', '10', '113.32', '2 (56.66, 56.66)', NULL, 'Q283,300.00', NULL, 1, NULL, NULL, 2, 25, '2023-05-10 05:22:49'),
(174, '0567-2023', '2023-05-05', '2023-06-05', '1', '1', NULL, 'L20-198-EC059', 'VUNP3-021219', 'VIVIENDA BIFAMILIAR', 'PEREZ NORATO MARIA HORTENCIA Y CONDUEÑOS', '5722', 'DIAGONAL 3, 25-22 ZONA 3', '3', '220.68', '2 + MODULO DE GRADAS', NULL, 'Q551,700.00', NULL, 0, NULL, NULL, 2, 25, '2023-05-05 17:19:28'),
(175, '0573-2023', '2023-05-05', '2023-06-05', '1', NULL, NULL, 'L19-478-JM112', 'VUNC12-010819', 'AMPLIACION DE VIVIENDA UNIFAMILIAR', 'CIFUENTES LOPEZ, DUSLEY BERMEN', '185707', '1 AVENIDA 4-03, LOTE #442 MZ Q ZONA 12', '12', '135.83', '1ER Y 2DO.', NULL, 'Q345,052.50', NULL, 0, NULL, NULL, 2, 25, '2023-05-05 17:19:28'),
(176, '0569-2023', '2023-05-05', '2023-06-05', NULL, '1', NULL, 'L23-031-JM003', 'RPNK8-031019', 'VIVIENDA UNIFAMILIAR', 'KOPLER ARROYO, MARBETH YECENIA', '198740', 'CALLEJON 24 4-71', '8', '93.1', '2', NULL, 'Q232,750.00', NULL, 0, NULL, NULL, 2, 25, '2023-05-05 17:19:28'),
(177, '0565-2023', '2023-05-05', '2023-06-05', NULL, '1', NULL, 'L19-092-JC005', 'VUA3-050918', 'PISCINAS AQUA FITNES', 'ARANGO BENECKE, CARLOS DANILO Y CDÑO.', '5918', 'DIAGONAL 2 29A-97', '3', '1639.69', '2', NULL, 'Q4,099,225.00', NULL, 0, NULL, NULL, 2, 25, '2023-05-05 17:19:28'),
(178, NULL, '2023-05-05', '2023-06-05', NULL, '1', NULL, 'L13-2012', '61-R12', 'VIVIENDA UNIFAMILIAR', 'RENOIR, S.A.', '184965', 'CERO AVENIDA 6-33 LOTE 22, ZONA 6 ARAUCARIAS DEL BOSQUE', '6', '102.7', '2', NULL, 'Q82,160.00', NULL, 2, NULL, NULL, 2, 25, '2023-05-05 17:46:15'),
(179, '0587-2023', '2023-05-05', '2023-06-05', NULL, '1', NULL, 'L21-1028-NR204', 'RPNSR-540621', 'VIVIENDA UNIFAMILIAR + TERRAZA', 'SALAZAR SACALXOT, HERVER GABRIEL', '201566', '1 AVENIDA 2-37 LOTE 22 MZ E', '10', '54.03', '1', NULL, 'Q135,062.50', NULL, 0, NULL, NULL, 2, 25, '2023-05-05 17:19:28'),
(180, NULL, '2023-05-05', '2023-06-05', NULL, '1', NULL, 'CT-124-14', '9S-07-14', 'VIVIENDA UNIFAMILIAR DE 2 NIVELES, 68.3 C/U', 'SOTO , MARIA CECILIA CHINCHILLA MAZARIEGOS DE', '23670', '9 CALLE 4-88 ZONA 9, CEREZOS', '9', '136.6', '2', NULL, 'Q103,160.00', NULL, 2, NULL, NULL, 2, 25, '2023-05-05 17:45:51'),
(181, '0580-2023', '2023-05-05', '2023-06-05', NULL, '1', NULL, 'CT-102-14', '12S-11-14', 'VIVIENDA UNIFAMILIAR DE 2 NIVELES 61.80C/U', 'SOTO, MARIA CECILIA CHINCHILLA M DE', '192602', 'LOTE 22 MANZANA J ZONA 12', '12', '123.6', '2', NULL, 'Q116,636.00', NULL, 1, NULL, NULL, 2, 25, '2023-05-10 05:23:14'),
(182, '0584-2023', '2023-05-05', '2023-06-05', NULL, '1', NULL, 'L176-2010', 'G63-82010', 'VIVIENDA UNIFAMILIAR DE 1 NIVEL', 'GONZALES GOMEZ, GERMAN RENE', '182246', '14 CALLE E, 1-16 LOTE 7 ZONA 6', '6', '32.5', '1', NULL, 'Q26,000.00', NULL, 0, NULL, NULL, 2, 25, '2023-05-05 17:19:28'),
(185, '0561-2023', '2023-05-05', '2023-06-05', NULL, '1', NULL, 'L23-218-JM68', 'VUNM5-010323', 'VIVIENDA UNIFAMILIAR', 'MARROQUIN, BELIA ROSA EVHEVERRIA ACEVEDO DE', '202599', '15 CALLE 9B-30 LOTE 7 MZ K', '5', '181.9', '2', NULL, 'Q 523,644.00', NULL, 0, NULL, NULL, 2, 27, '2023-05-05 17:54:32'),
(186, '0581-2023', '2023-05-05', '2023-06-05', NULL, '1', NULL, 'L13-2012', '61-R12', 'VIVIENDA UNIFAMILIAR', 'RENOIR, S.A.', '184965', 'CERO AVENIDA 6-33 LOTE 22, ZONA 6 ARAUCARIAS DEL BOSQUE', '6', '102.7', '2', NULL, '82160', NULL, 0, NULL, NULL, 2, 27, '2023-05-05 17:54:32'),
(187, '0075-2023', '2023-01-20', '2023-02-20', NULL, '1', NULL, 'L22-642-MP022', 'VUND5-030722', 'VIVIENDA UNIFAMILIAR', 'DE LEON DE LEON, JONI CRISTIAN', '173924', '7 AVENIDA 1-39, LOTE 19 MZ C ZONA 5', '5', '196.75', '2', NULL, 'Q 503,103.00', NULL, 0, NULL, NULL, 2, 28, '2023-05-09 20:24:29'),
(188, '0071-2023', '2023-01-20', '2023-02-20', NULL, '1', NULL, 'L22-156-JM34', 'VUNH5-010222', 'VIVIENDA UNIFAMILIAR', 'HURTADO LOPEZ, JUAN CARLOS', '193690', '2 CALLE 13-10 LOTE 9 MZ H ZONA 5', '5', '263.19', '2', NULL, 'Q 728,905.50', NULL, 0, NULL, NULL, 2, 28, '2023-05-09 20:24:29'),
(189, '0078-2023', '2023-01-20', '2023-02-20', NULL, '1', NULL, 'L22-599-JM124', 'VUNR5-060722', 'VIVIENDA UNIFAMILIAR', 'RODRIGUEZ IZAS, IRVING OBDULIO', '174054', '11 AVENIDA 1-58 LOTE 30 MZ F ZONA 5', '5', '123.78', '2', NULL, 'Q 351,460.00', NULL, 0, NULL, NULL, 2, 28, '2023-05-09 20:24:29'),
(190, '0063-2023', '2023-01-20', '2023-02-20', NULL, '1', NULL, 'L23-025-MP002', 'VUNC6-0701122', 'VIVIENDA UNIFAMILIAR', 'CASTILLO VILLAGRAN, ROSA DEL CARMEN', '198019', '6 AVENIDA 15-33 LOTE 13 ZONA 6', '6', '195', '2', NULL, 'Q 501,220.00', NULL, 0, NULL, NULL, 2, 28, '2023-05-09 20:24:29'),
(191, '0060-2023', '2023-01-20', '2023-02-20', NULL, '1', NULL, 'L23-023-SP154', 'VUNR7-011222', 'VIVIENDA UNIFAMILIAR', 'ROJAS PEREZ, ANDRA ELOISA', '145461', '2 AVENIDA 11-12 LOTE 7 ZONA 7', '7', '253.4', '2', NULL, 'Q 680,536.50', NULL, 0, NULL, NULL, 2, 28, '2023-05-09 20:24:29'),
(192, '0056-2023', '2023-01-20', '2023-02-20', NULL, '1', NULL, 'L23-0018-SP147', 'VUNB8-011122', 'VIVIENDA UNIFAMILIAR', 'BENITEZ DE LEON, LUIS MANUEL Y CONDUEÑA', '192279', '33 AVENIDA 13-60 ZONA 8', '8', '260.79', '2', NULL, 'Q 744,214.00', NULL, 0, NULL, NULL, 2, 28, '2023-05-09 20:24:29'),
(193, '0066-2023', '2023-01-20', '2023-02-20', NULL, '2', NULL, 'L23-025-MP003', 'VUNG8-070822', '2 LOCALES COMERCIALS Y BODEGA', 'GARCIA GRAMAJO, DONAY RAUL', '105168', 'DIAGONAL 3 35-76 ZONA 8', '8', '137.94', '2', NULL, 'Q 389,955.00', NULL, 0, NULL, NULL, 2, 28, '2023-05-09 20:24:29'),
(194, '0059-2023', '2023-01-20', '2023-02-20', NULL, '1', NULL, 'L23-022-SP145', 'VUNG8-111022', 'VIVIENDA UNIFAMILIAR', 'GARCIA HERNANDEZ, TEREZA MARINA', '202283', 'CERO AVENIDA 11B-59 LOTE 5 ZONA 8', '8', '220.84', '2', NULL, 'Q 585,898.50', NULL, 0, NULL, NULL, 2, 28, '2023-05-09 20:24:29'),
(195, '0086-2023', '2023-01-20', '2023-02-20', NULL, '2', NULL, 'L22-027-JM001', 'VUNL9-010822', 'VIVIENDA BIFAMILIAR', 'LOPEZ, ROXANA WALEZKA MAZARIEGOS DE', '202013', '12 AVENIDA 0-585 ZONA 9', '9', '133.23', '1', NULL, 'Q 287,280.00', NULL, 0, NULL, NULL, 2, 28, '2023-05-09 20:24:29'),
(196, '0058-2023', '2023-01-20', '2023-02-20', NULL, '1', NULL, 'L23-021-JM006', 'VUNE9-011122', 'VIVIENDA UNIFAMILIAR', 'ESTACUY LOPEZ, CARLOS EDUARDO', '201881', '6 AVENIDA 6-18 ZONA 9', '9', '183.54', '2', NULL, 'Q 183.54', NULL, 0, NULL, NULL, 2, 28, '2023-05-09 20:24:29'),
(197, '0057-2023', '2023-01-20', '2023-02-20', NULL, '1', NULL, 'L23-020-LG001', 'VUNR9-021222', 'VIVIENDA UNIFAMILIAR', 'RODRIGUEZ MALDONADO, JUAN MANUEL', '202214', '9 CALLE 3-61 LOTE 13 ZONA 9', '9', '320.89', '2', NULL, 'Q 852,297.00', NULL, 0, NULL, NULL, 2, 28, '2023-05-09 20:24:29'),
(198, '0052-2023', '2023-01-20', '2023-02-20', NULL, '1', NULL, 'L22-598-JM126', 'VUNH11-070722', 'VIVIENDA UNIFAMILIAR', 'HUITZ GUZMAN, NICOLAS ROBINSON', '201525', 'CALLEJON 1A 2-08 ZONA 11', '11', '83.03', '2', NULL, 'Q 247,118.50', NULL, 0, NULL, NULL, 2, 28, '2023-05-09 20:24:29'),
(199, '0053-2023', '2023-01-20', '2023-02-20', NULL, '1', NULL, 'L23-015-LG158', 'VUNM11-061122', 'VIVIENDA UNIFAMILIAR', 'MARTIN ALVARADO, LEONOR', '202482', '6 CALLE 4-15 LOTE 32 FASE 2 ZONA 11', '11', '60.12', '1', NULL, 'Q 133,274.60', NULL, 0, NULL, NULL, 2, 28, '2023-05-09 20:24:29'),
(200, '0076-2023', '2023-01-20', '2023-02-20', NULL, '1', NULL, 'L22-614-NR093', 'VUNMR-020722', 'VIVIENDA UNIFAMILIAR', 'MENCHU JUAREZ, EVER JOSUE', '198550', 'LOTE 59 MZ E CONDOMINIO XELAGARDEN FASE 3', 'R', '200.77', '2', NULL, '533.794.50', NULL, 0, NULL, NULL, 2, 28, '2023-05-09 20:24:29'),
(201, '0079-2023', '2023-01-20', '2023-02-20', '1', '1', NULL, 'L22-397-NR039', 'RPNP11-070322', 'VIVIENDA UNIFAMILIAR', 'PEREZ PEREZ, SANTOS FELICIANO', '153741', '10 CALLE 2A-175 ZONA 11', '11', '226.45', '3', NULL, 'Q 683,630.00', NULL, 0, NULL, NULL, 2, 28, '2023-05-09 20:24:29'),
(202, '0055-2023', '2023-01-20', '2023-02-20', NULL, '1', NULL, 'L21-595-NR087', 'VUNC5-050621', 'VIVIENDA UNIFAMILIAR', 'CHUC GARCIA, EDWAR EMANUEL', '174031', '10 AVENIDA 1-15 LOTE 7 MZ F ZONA 5', '5', '229.77', '3', NULL, 'Q 72,876.50', NULL, 0, NULL, NULL, 2, 28, '2023-05-09 20:24:29'),
(203, '0084-2023', '2023-01-20', '2023-02-20', NULL, '1', NULL, 'L21-785-JM128', 'VUNI12-060921', 'VIVIENDA UNIFAMILIAR', 'IMPULSADORA DE VIVIENDAS QUETZALTECAS S.A.', '200822', '4 AVENIDA 10B-03 LOTE 15 ZONA 12', '12', '132', '2', NULL, 'Q 338,820.00', NULL, 0, NULL, NULL, 2, 28, '2023-05-09 20:24:29'),
(204, '0081-2023', '2023-01-20', '2023-02-20', NULL, '1', NULL, 'L21-786-JM129', 'VUNI12-070921', 'VIVIENDA UNIFAMILIAR', 'IMPULSADORA DE VIVIENDAS QUETZALTECAS S.A.', '200823', '4 AVENIDA 10B-03 LOTE 16 ZONA 12', '12', '132', '2', NULL, 'Q 338,820.00', NULL, 0, NULL, NULL, 2, 28, '2023-05-09 20:24:29'),
(205, '0083-2023', '2023-01-20', '2023-02-20', NULL, '1', NULL, 'L21-787-JM130', 'VUNI12-080921', 'VIVIENDA UNIFAMILIAR', 'IMPULSADORA DE VIVIENDAS QUETZALTECAS S.A.', '200838', '4 AVENIDA 10B-03 LOTE 17 ZONA 12', '12', '132', '2', NULL, 'Q 338,820.00', NULL, 0, NULL, NULL, 2, 28, '2023-05-09 20:24:29'),
(206, '0082-2023', '2023-01-20', '2023-02-20', NULL, '1', NULL, 'L21-791-JM134', 'VUNI12-120921', 'VIVIENDA UNIFAMILIAR', 'IMPULSADORA DE VIVIENDAS QUETZALTECAS S.A.', '200865', '4 AVENIDA 10B-03 LOTE 24 ZONA 12', '12', '132', '2', NULL, 'Q 338,820.00', NULL, 0, NULL, NULL, 2, 28, '2023-05-09 20:24:29'),
(207, '0085-2023', '2023-01-20', '2023-02-20', NULL, '1', NULL, 'L21-793-JM136', 'VUNI12-140921', 'VIVIENDA UNIFAMILIAR', 'IMPULSADORA DE VIVIENDAS QUETZALTECAS S.A.', '200856', '4 AVENIDA 10B-03 LOTE 32 ZONA 12', '12', '132', '2', NULL, 'Q 338,820.00', NULL, 0, NULL, NULL, 2, 28, '2023-05-09 20:24:29'),
(208, '0068-2023', '2023-01-20', '2023-02-20', NULL, '1', NULL, 'L21-636-NR099', 'VUNCR-720721', 'VIVIENDA UNIFAMILIAR', 'COMPLEJOS COLONIALES S.A.', '200465', 'C.CHICHIGUITAN 2 CALLE 20-58 LOTE 236 MZ N', 'R', '125.24', '2', NULL, 'Q 332,864.50', NULL, 0, NULL, NULL, 2, 28, '2023-05-09 20:24:29'),
(209, '0050-2023', '2023-01-20', '2023-02-20', NULL, '1', NULL, 'L23-014-JM53', 'VUNLR-041021', 'VIVIENDA UNIFAMILIAR', 'LOPEZ PACAJOJ, GERMAN ROMEO', '200359', 'CANTON CHICHIGUITAN SECTOR 2', 'R', '80', '1', NULL, 'Q 160,000.00', NULL, 0, NULL, NULL, 2, 28, '2023-05-09 20:24:29'),
(210, '0080-2023', '2023-01-20', '2023-02-20', NULL, '2', NULL, 'L21-1022-LG203', 'RPNL7-171220', 'VIVIENDA BIFAMILIAR', 'LOPEZ BARRIOS, EYRAN GREISNER Y CONDUEÑO', '202538', '6 CALLE 20-77 ZONA 7', '7', '484.8', '2', NULL, 'Q 1,224,082.00', NULL, 0, NULL, NULL, 2, 28, '2023-05-09 20:24:29'),
(211, '0074-2023', '2023-01-20', '2023-02-20', NULL, '1', NULL, 'L19-095-SP026', 'VUC10-071118', 'VIVIENDA UNIFAMILIAR', 'CAHUEX OROZCO, GLENDY PAOLA', '197745', '14 CALLE 0-71 ZONA 10', '10', '120', '1', NULL, 'Q 240,000.00', NULL, 0, NULL, NULL, 2, 28, '2023-05-09 20:24:29'),
(212, '1645-2022', '2023-01-03', '2023-02-03', NULL, '1', NULL, '98-W2014', '10M-03-14', 'VIVIENDA UNIFAMILIAR 2 NIVELES 46.17 C/U', 'MORALES BATEN RAUL ANTONIO Y CÑOS', '181920', '4A CALL 3-32 LOTE 25', '10', '92.34', '2', NULL, 'Q 36,936.00', NULL, 0, NULL, NULL, 2, 29, '2023-05-09 20:38:26'),
(213, '1646-2022', '2023-01-03', '2023-02-03', NULL, '1', NULL, '293-J2008', 'C6-10-08', 'VIVIENDA UNIFAMILIAR 1 NIVEL', 'CUX MENDEZ, FLORINDA AZUCENA', '181820', '6 CALLE 5-80A INTERIOR', '6', '33.63', '1', NULL, 'Q13,452.00', NULL, 0, NULL, NULL, 2, 29, '2023-05-09 20:38:26'),
(214, '0001-2021', '2023-02-24', '2023-03-24', NULL, '1', NULL, 'L23-078-NR020', 'VUNR5-010123', 'VIVIENDA UNIFAMILIAR', 'REYES, DELFINA REYES Y REYES DE', '181920', '6 AVENIDA 15-03 LOTE 7 MZ A ZONA 5', '5', '66.98', '2', NULL, 'Q 36,936.00', NULL, 0, NULL, NULL, 2, 30, '2023-05-09 20:47:33'),
(215, '0002-2021', '2023-02-25', '2023-03-25', NULL, '1', NULL, 'L23-083-NR006', 'VUNC8-010123', 'VIVIENDA UNIFAMILIAR', 'CASTILLO JEREZ, ODWER FRANCISCO', '181921', '15 CALLE 0-79 LOTE 38 ZONA 8', '8', '65.57', '1', NULL, 'Q 36,936.00', NULL, 0, NULL, NULL, 2, 30, '2023-05-09 20:47:33'),
(216, '0003-2021', '2023-02-26', '2023-03-26', NULL, '1', NULL, 'L2-097-NR009', 'VUNV8-010123', 'VIVIENDA UNIFAMILIAR', 'VELARDE GONZALEZ, PAOLA MARGARITA Y CONDUEÑA', '181922', '9 CALLE D 35E-18 LOTE 9 MZ H ZONA 8', '8', '91.19', '1', NULL, 'Q 36,936.00', NULL, 0, NULL, NULL, 2, 30, '2023-05-09 20:47:33'),
(217, '0004-2021', '2023-02-27', '2023-03-27', NULL, '1', NULL, 'L23-096-MP010', 'VUNG4-0101122', 'VIVIENDA UNIFAMILIAR', 'GRAMAJO Y GRAMAJO, MARISLINA OFILIA', '181923', 'DIAGONAL 2 6-60A INTERIOR ZONA 4', '4', '87.55', '1', NULL, 'Q 36,936.00', NULL, 0, NULL, NULL, 2, 30, '2023-05-09 20:47:33'),
(218, '0005-2021', '2023-02-28', '2023-03-28', NULL, '1', NULL, 'L22-523-NR080', 'VUNO5-010622', 'VIVIENDA UNIFAMILIAR', 'OSORIO MARTINEZ, WILLIAM ARNOLDO', '181924', '7 AVENIDA 1-36 LOTE 20 MZ B ZONA 5', '5', '112', '2', NULL, 'Q 36,936.00', NULL, 0, NULL, NULL, 2, 30, '2023-05-09 20:47:33'),
(219, '0006-2021', '2023-03-01', '2023-04-01', NULL, '1', NULL, 'L22-784-MP040', 'VUNO5-020922', 'VIVIENDA UNIFAMILIAR', 'ORDOÑEZ CANASTUJ, ROCIO BEATRIZ Y CONDUEÑA', '181925', '8 AVENIDA D1-10 ZONA 5', '5', '81.92', '2', NULL, 'Q 36,936.00', NULL, 0, NULL, NULL, 2, 30, '2023-05-09 20:47:33'),
(220, '0007-2021', '2023-03-02', '2023-04-02', NULL, '1', NULL, 'L22-680-JM140', 'VUNC6-040722', 'VIVIENDA UNIFAMILIAR', 'CHEX, ELEODORA JUAREZ MAZARIEGOS DE', '181926', '1 CALLE 3-63 ZONA 6', '6', '94.59', '1', NULL, 'Q 36,936.00', NULL, 0, NULL, NULL, 2, 30, '2023-05-09 20:47:33'),
(221, '0008-2021', '2023-03-03', '2023-04-03', NULL, '4', NULL, 'L22-550-NR091', 'VUNS7-020722', 'VIVIENDA MULTIFAMILIAR', 'SANTOS CALDERON, JOSE ROLANDO', '181927', '6 CALLE \"B\" 22-75 ZONA 7', '7', '315.61', '2', NULL, 'Q 36,936.00', NULL, 0, NULL, NULL, 2, 30, '2023-05-09 20:47:33'),
(222, '0009-2021', '2023-03-04', '2023-04-04', NULL, '1', NULL, 'L23-095-SP024', 'VUNM8-031222', 'VIVIENDA UNIFAMILIAR', 'MENDEZ, ANA PATRICIA RIVERA AGUILAR DE', '181928', '35 AVENIDA D9F-10 LOTE #1 MZ H ZONA 8', '8', '107.78', '1', NULL, 'Q 36,936.00', NULL, 0, NULL, NULL, 2, 30, '2023-05-09 20:47:33'),
(223, '0010-2021', '2023-03-05', '2023-04-05', '1', NULL, NULL, 'L23-094-MP012', 'VUNO8-011122', 'CAMBIO DE TECHO', 'OXLAJ CHAJ, ROBERTO FELICIANO', '181929', '27 AVENIDA 0-75G INTERIOR ZONA 8', '8', '', NULL, NULL, 'Q 36,936.00', NULL, 0, NULL, NULL, 2, 30, '2023-05-09 20:47:33'),
(224, '0011-2021', '2023-03-06', '2023-04-06', NULL, '1', NULL, 'L23-079-LG012', 'VUNA10-010622', 'IGLESIA EVANGELICA', 'ASOC. DE LA IGLESIA PENTECOSTAL UNIDA DE G.', '181930', '14 CALLE 0-95A ZONA 10', '10', '152.64', '2', NULL, 'Q 36,936.00', NULL, 0, NULL, NULL, 2, 30, '2023-05-09 20:47:33'),
(225, '0012-2021', '2023-03-07', '2023-04-07', NULL, '1', NULL, 'L22-747-JM154', 'VUNG10-030322', 'VIVIENDA UNIFAMILIAR', 'GUOX VICENTE, ARTEMIO', '181931', '6 AVENIDA A 5-106 ZONA 10', '10', '68.57', '1', NULL, 'Q 36,936.00', NULL, 0, NULL, NULL, 2, 30, '2023-05-09 20:47:33'),
(226, '0013-2021', '2023-03-08', '2023-04-08', NULL, '1', NULL, 'L23-074-JM10', 'VUNO10-010722', 'VIVIENDA UNIFAMILIAR', 'OSORIO MARTINEZ, WILLIAM ARNOLDO', '181932', '4 AVENIDA 5-53 ZONA 10', '10', '137.04', '2', NULL, 'Q 36,936.00', NULL, 0, NULL, NULL, 2, 30, '2023-05-09 20:47:33'),
(227, '0014-2021', '2023-03-09', '2023-04-09', NULL, '1', NULL, 'L23-090-MP006', 'VUNF11-011022', 'VIVIENDA UNIFAMILIAR', 'FONSAGRADA, SOCIEDAD ANONIMA', '181933', '13 CALLE 2A-20 LOTE 35 ZONA 11', '11', '60.85', '1', NULL, 'Q 36,936.00', NULL, 0, NULL, NULL, 2, 30, '2023-05-09 20:47:33'),
(228, '0015-2021', '2023-03-10', '2023-04-10', NULL, '1', NULL, 'L23-091-MP007', 'VUNF11-021022', 'VIVIENDA UNIFAMILIAR', 'FONSAGRADA, SOCIEDAD ANONIMA', '181934', '13 CALLE 2A-20 LOTE 38 ZONA 11', '11', '60.85', '1', NULL, 'Q 36,936.00', NULL, 0, NULL, NULL, 2, 30, '2023-05-09 20:47:33'),
(229, '0016-2021', '2023-03-11', '2023-04-11', NULL, '1', NULL, 'L22-810-MP043', 'VUNM11-050922', 'VIVIENDA UNIFAMILIAR', 'MORAN SOLOGAISTOA, JULIO JOSE', '181935', '6 CALLE 4-11 LOTE 1 FASE 1 ZONA 11', '11', '161.99', '2', NULL, 'Q 36,936.00', NULL, 0, NULL, NULL, 2, 30, '2023-05-09 20:47:33'),
(230, '0017-2021', '2023-03-12', '2023-04-12', NULL, '1', NULL, 'L23-084-LG008', 'VUNV11-011222', 'VIVIENDA UNIFAMILIAR', 'VICENTE MENCHU, CATARINA ELIZABETH', '181936', '5 CALLE 2A-71 LOTE 40 MZ R ZONA 11', '11', '49.2', '1', NULL, 'Q 36,936.00', NULL, 0, NULL, NULL, 2, 30, '2023-05-09 20:47:33'),
(231, '0018-2021', '2023-03-13', '2023-04-13', NULL, '1', NULL, 'L23-093-MP018', 'VUNL12-011222', 'VIVIENDA UNIFAMILIAR', 'LOPEZ DE LEON, SANDRA FABIOLA', '181937', '16 AVENIDA 6-58 SECTOR 2 ZONA 12', '12', '86.27', '1', NULL, 'Q 36,936.00', NULL, 0, NULL, NULL, 2, 30, '2023-05-09 20:47:33'),
(232, '0019-2021', '2023-03-14', '2023-04-14', NULL, '1', NULL, 'L22-841-MP047', 'RPND3-140722', 'VIVIENDA BIFAMILIAR', 'DIAZ MARTINEZ, MILENA GRIZZEL', '181938', '4 CALLE A 24A-70 ZONA 3', '3', '118.85', '2', NULL, 'Q 36,936.00', NULL, 0, NULL, NULL, 2, 30, '2023-05-09 20:47:33'),
(233, '0020-2021', '2023-03-15', '2023-04-15', NULL, '1', NULL, 'L22-483-SP161', 'RPMC7-110522', 'VIVIENDA UNIFAMILIAR', 'CHUVAC LOPEZ, FREDY GONZALO', '181939', '4 CALLE 14-33 ZONA 5 ZONA 5', '5', '112.41', '2', NULL, 'Q 36,936.00', NULL, 0, NULL, NULL, 2, 30, '2023-05-09 20:47:33'),
(234, '0021-2021', '2023-03-16', '2023-04-16', NULL, '1', NULL, 'L22-552-SP163', 'RPNT8-270522', 'VIVIENDA UNIFAMILIAR', 'TZOC OXLAJ, JACOBO', '181940', '4 CALLE 38-255C INTERIOR ZONA 8', '8', '81.75', '1', NULL, 'Q 36,936.00', NULL, 0, NULL, NULL, 2, 30, '2023-05-09 20:47:33'),
(235, '0022-2021', '2023-03-17', '2023-04-17', NULL, '1', NULL, 'L22-640-LG170', 'RPNR9-230722', 'VIVIENDA UNIFAMILIAR', 'ROQUEL OTZOY, ANA LESLY Y CONDUEÑO', '181941', '7 AVENIDA 3-40F INTERIOR ZONA 9', '9', '191.64', '2', NULL, 'Q 36,936.00', NULL, 0, NULL, NULL, 2, 30, '2023-05-09 20:47:33'),
(236, '0023-2021', '2023-03-18', '2023-04-18', NULL, '1', NULL, 'L22-221-SP034', 'VUNO5-061221', 'VIVIENDA UNIFAMILIAR', 'OSORIO MARTINEZ, WILLIAM ARNOLDO', '181942', '1 AVENIDA A 14-38 K INTERIOR ZONA 5', '5', '124', '2', NULL, 'Q 36,936.00', NULL, 0, NULL, NULL, 2, 30, '2023-05-09 20:47:33'),
(237, '0024-2021', '2023-03-19', '2023-04-19', NULL, '1', NULL, 'L22-033-JM187', 'VUNCR-751121', 'VIVIENDA UNIFAMILIAR', 'COMPLEJOS COLONIALES S.A.', '181943', 'LOTE 25 MZ C CONDOMINIO XELAGARDENS FASE 3', 'R', '85.72', '2', NULL, 'Q 36,936.00', NULL, 0, NULL, NULL, 2, 30, '2023-05-09 20:47:33'),
(238, '0025-2021', '2023-03-20', '2023-04-20', NULL, '1', NULL, 'L22-076-NRJM02', 'RPNA3-341121', 'VIVIENDA UNIFAMILIAR', 'ARGUETA REYES, WALTER ADOLFO', '181944', '13 AVENIDA 7-53 ZONA 3', '3', '168.06', '2', NULL, 'Q 36,936.00', NULL, 0, NULL, NULL, 2, 30, '2023-05-09 20:47:33'),
(239, '0026-2021', '2023-03-21', '2023-04-21', NULL, '1', NULL, 'L21-179-LG003', 'VUNH7-041120', 'VIVIENDA UNIFAMILIAR', 'HERNANDEZ HERNANDEZ, CARLOS EUGENIO', '181945', '25 AVENIA 4-47 ZONA 7', '7', '58.5', '1', NULL, 'Q 36,936.00', NULL, 0, NULL, NULL, 2, 30, '2023-05-09 20:47:33'),
(240, '0027-2021', '2023-03-22', '2023-04-22', NULL, NULL, NULL, 'L20-107-EC013', 'VUNF9-020120', 'VIVIENDA UNIFAMILIAR', 'FAWO, S.A.', '181946', '3 CALLE 10-61 LOTE 3 ZONA 9', '9', '93.6', '2 (1ER 46.8, 2DO 46.8)', NULL, 'Q 36,936.00', NULL, 0, NULL, NULL, 2, 30, '2023-05-09 20:47:33'),
(241, '0028-2021', '2023-03-23', '2023-04-23', NULL, '1', NULL, 'L20-235-JM-018', 'VUNCR-031219', 'VIVIENDA UNIFAMILIAR', 'COMPLEJOS COLONIALES, S.A.', '181947', 'LOTE 194 MZ K CONDOMINIO XELAGARDENS FASE 3', 'R', '123', '2 (60, 63)', NULL, 'Q 36,936.00', NULL, 0, NULL, NULL, 2, 30, '2023-05-09 20:47:33'),
(242, '0029-2021', '2023-03-24', '2023-04-24', NULL, '1', NULL, 'L19-331-JM091', 'RPM12-060519', 'VIVIENDA UNIFAMILIAR', 'MENDEZ DE LEON, ERWIN ANTONIO', '181948', '13 AVENIDA 13-21 ZONA 12 SECTOR 4B', 'E', '63.75', '1', NULL, 'Q 36,936.00', NULL, 0, NULL, NULL, 2, 30, '2023-05-09 20:47:33'),
(243, '0030-2021', '2023-03-25', '2023-04-25', NULL, '1', NULL, 'L15-812-M324', 'P5-11-1115', 'VIVIENDA UNIFAMILIAR', 'ELIZABETH REYNA TZUL C. DE P.', '181949', 'DIAGONAL 3 7-84 ZONA 5', '5', '64.64', '2DO', NULL, 'Q 36,936.00', NULL, 0, NULL, NULL, 2, 30, '2023-05-09 20:47:33'),
(244, '0031-2021', '2023-03-26', '2023-04-26', NULL, '1', NULL, NULL, 'M10-13-1215', 'VIVIENDA UNIFAMILIAR', 'RAUL ANTONIO MORALES BATHEN', '181950', '4 CALLE 3-24 LOTE 27 PIEDRA AZUL ZONA 10', '10', '92', '2', NULL, 'Q 36,936.00', NULL, 0, NULL, NULL, 2, 30, '2023-05-09 20:47:33'),
(245, '0032-2021', '2023-03-27', '2023-04-27', NULL, '1', NULL, NULL, 'CRU-CR-010223', 'VIVIENDA UNIFAMILIAR', 'DMESIA MAZARIEGOS COYOY DE CAHUEX', '181951', 'SECTOR IV ALDEA LAS MAJADAS', 'R', '176.6', '1', NULL, 'Q 36,936.00', NULL, 0, NULL, NULL, 2, 30, '2023-05-09 20:47:33'),
(246, '0033-2021', '2023-03-28', '2023-04-28', NULL, NULL, NULL, NULL, 'ANTN-M3-030223', 'VIVIENDA UNIFAMILIAR', 'GERBEN ESTUARDO MENCHU LOPEZ', '181952', '7 CALLE 14-52E INTERIOR ZONA 3', '3', '33.11', '1', NULL, 'Q 36,936.00', NULL, 0, NULL, NULL, 2, 30, '2023-05-09 20:47:33'),
(247, '0034-2021', '2023-03-29', '2023-04-29', NULL, '1', NULL, NULL, 'ANTN-B-3-3312', 'VIVIENDA UNIFAMILIAR', 'ROGER EDWARD ANTHONY BARRIOS MONTERROSO', '181953', 'DIAGONAL 1, 14-117 ZONA 3', '3', '74.03', '1', NULL, 'Q 36,936.00', NULL, 0, NULL, NULL, 2, 30, '2023-05-09 20:47:33'),
(248, '0035-201', '2023-03-30', '2023-04-30', NULL, '1', NULL, NULL, 'ANTN-E4-091122', 'VIVIENDA UNIFAMILIAR', 'JULIO FERNANDO ELIAS OROXOM', '181954', 'CALLE CIRILO FLORES 4-24 INTERIOR ZONA 4', '4', '125.37', '2', NULL, 'Q 36,936.00', NULL, 0, NULL, NULL, 2, 30, '2023-05-09 20:47:33'),
(249, '0364-2023', '2023-03-24', '2023-04-24', NULL, '1', NULL, 'L23-167-JM35', 'VUNJ5-010223', 'VIVIENDA UNIFAMILIAR', 'JACOBS RODRIGUEZ, RUDY WALLACE', '173827', '9 CALLE 3-31 LOTE 38 MZ A XELAGARDEN ZONA 5', '5', '192.24', '2', NULL, '504386', NULL, 0, NULL, NULL, 2, 31, '2023-05-09 20:53:10'),
(250, '0367-2023', '2023-03-24', '2023-04-24', NULL, '1', NULL, 'L23-172-SP036', 'VUNS5-020223', 'VIVIENDA UNIFAMILIAR', 'SATEY, PETRONA XIAP HERNANDEZ DE', '202678', '2 AVENIDA 16-44 I, INTERIOR ZONA 5', '5', '42', '2', NULL, 'Q 148,977.50', NULL, 0, NULL, NULL, 2, 31, '2023-05-09 20:53:10'),
(251, '0359-2023', '2023-03-24', '2023-04-24', NULL, '1', NULL, 'L23-164-LG014', 'VUNJ10-010123', 'VIVIENDA UNIFAMILIAR', 'JUCUP ORDOÑEZ, EDY OMAR Y CONDUEÑA', '202254', '8 CALLE 3-60B INTERIOR ZONA 10', '10', '93.74', '1', NULL, '218427.2', NULL, 0, NULL, NULL, 2, 31, '2023-05-09 20:53:10'),
(252, '0362-2023', '2023-03-24', '2023-04-24', '1', NULL, NULL, 'L23-166-MP060', 'VUNH5-0201122', 'PRORROGA DE VIVIENDA UNIFAMILIAR', 'HERNANDEZ MALDONADO, BRAYAN JOHAO', '173899', '6 AVENIDA 1-125 LOTE 65 MZ B ZONA 5', '5', '224.9', '2', NULL, 'Q 572,193.50', NULL, 0, NULL, NULL, 2, 31, '2023-05-09 20:53:10'),
(253, '0366-2023', '2023-03-24', '2023-04-24', NULL, '1', NULL, 'L23-171-SP033', 'VUNL10-0301122', 'VIVIENDA UNIFAMILIAR', 'LOARCA, NELY ELIZABETH HERNANDEZ BAMACA DE', '201873', '9 AVENIDA D15-192 ZONA 10', '10', '151.36', '2', NULL, '393065.5', NULL, 0, NULL, NULL, 2, 31, '2023-05-09 20:53:10'),
(254, '0365-2023', '2023-03-24', '2023-04-24', NULL, '1', NULL, 'L23-168-SP032', 'VUNS10-031022', 'VIVENDA UNIFAMILIAR', 'SAJCHE HERNANDEZ, ARACELY MATEA', '202123', '4 AVENIDA A 5-133 ZONA 10', '10', '144.67', '2', NULL, 'Q 393,094.00', NULL, 0, NULL, NULL, 2, 31, '2023-05-09 20:53:10'),
(255, '0360-2023', '2023-03-24', '2023-04-24', NULL, '1', NULL, 'L23-165-LG020', 'VUNH11-081222', 'VIVIENDA UNIFAMILIAR', 'HERRERA SICAY, LUIS ARMANDO', '202626', '6 CALLE 4-19 LOTE D-37 FASE IV ZONA 11', '11', '229.08', '2', NULL, 'Q 588,872.80', NULL, 0, NULL, NULL, 2, 31, '2023-05-09 20:53:10'),
(256, '0363-2023', '2023-03-24', '2023-04-24', NULL, '1', NULL, 'L22-287-SP051', 'VUNP12-010322', 'VIVIENDA UNIFAMILIAR', 'PINEDA GARCIA, ELDER ROMEO', '201220', '10 CALLE 4-19 LOTE 278 MZ L ZONA 12', '12', '121.2', '3', NULL, 'Q 385,286.00', NULL, 0, NULL, NULL, 2, 31, '2023-05-09 20:53:10'),
(257, '0368-2023', '2023-03-24', '2023-04-24', '1', NULL, NULL, 'L23-173-MP037', 'VUNVR-020822', 'PRORROGA DE LICENCIA, VIVIENDA UNIFAMILIAR', 'VILLATORO CIFUENTES, LIDDA NARDDA', '174239', 'LOTE 57 MZ L FASE I XELAGARDENS CHICHIGUITAN', 'R', '110.28', '2', NULL, 'Q 275,700.00', NULL, 0, NULL, NULL, 2, 31, '2023-05-09 20:53:10'),
(258, '0371-2023', '2023-03-24', '2023-04-24', NULL, '2', NULL, 'L22-548-SP159', 'RPNE1-210622', 'VIVIENDA BIFAMILIAR', 'ESCALANTE, HEYDI YANETH LOPEZ VASQUEZ DE', '202775', 'AVENIDA EL CENIZAL 6-342 ZONA 1', '1', '236', '2', NULL, 'Q 440,500.00', NULL, 0, NULL, NULL, 2, 31, '2023-05-09 20:53:10'),
(259, '0376-2023', '2023-03-24', '2023-04-24', '1', '1', NULL, 'L23-100-LG161', 'RPNM1-531222', 'AMPLIACION VIVIENDA BIFAMILIAR', 'MERIDA HERRARTE, ERIKA PAMELA', '138932', '30 AVENIDA 5-46 LOTE 3 MZ E ZONA 1', '1', '121.85', '2', NULL, 'Q 340,913.00', NULL, 0, NULL, NULL, 2, 31, '2023-05-09 20:53:10'),
(260, '0379-2023', '2023-03-24', '2023-04-24', NULL, '1', NULL, 'L22-337-LG051', 'RPNC5-110322', 'VIVIENDA UNIFAMILIAR', 'CALDERON CALDERON, ALEJANDRA MARISOL', '167895', '1 AVENIDA A 16-23 LOTE 27 ZONA 5', '5', '270', '2', NULL, 'Q 690,176.00', NULL, 0, NULL, NULL, 2, 31, '2023-05-09 20:53:10'),
(261, '0373-2023', '2023-03-24', '2023-04-24', NULL, '4', NULL, 'L23-072-SP142', 'RPNP8-511122', '4 APARTAMENTOS', 'PEREZ, GRACIELA MARISOL AGUILAR LOPEZ DE', '132189', '34 AVENIDA D2-68 ZONA 8', '8', '727.14', '3', NULL, 'Q 1,811,853.00', NULL, 0, NULL, NULL, 2, 31, '2023-05-09 20:53:10'),
(262, '0378-2023', '2023-03-24', '2023-04-24', NULL, '1', NULL, 'L23-065-MP057', 'RPNG10-510922', 'VIVIENDA UNIFAMILIAR', 'GARCIA CUC, MARIA SONIA GABRIELA', '202280', '6 CALLE 5-69F INTERIOR ZONA 10', '10', '160.75', '2', NULL, 'Q 413,177.00', NULL, 0, NULL, NULL, 2, 31, '2023-05-09 20:53:10'),
(263, '0372-2023', '2023-03-24', '2023-04-24', NULL, '1', NULL, 'L22-632-NR102', 'RPNP11-060122', 'VIVIENDA UNIFAMILIAR', 'PINEDA GARCIA, KAREN YULISA', '202154', '6 CALLE 4-11 LOTE 49 FASE 1 ZONA 11', '11', '129.1', '2', NULL, 'Q 338,130.00', NULL, 0, NULL, NULL, 2, 31, '2023-05-09 20:53:10'),
(264, '0380-2023', '2023-03-24', '2023-04-24', NULL, '1', NULL, 'L22-828JM182', 'RPNH11-400822', 'VIVIENDA MULTIFAMILIAR', 'HUITZ GARCIA, GABINO ALFONSO', '197239', 'CALLEJON 1A 1-60 ZONA 11', '11', '515.3', '2', NULL, 'Q 1,288,250.00', NULL, 0, NULL, NULL, 2, 31, '2023-05-09 20:53:10'),
(265, '0370-2023', '2023-03-24', '2023-04-24', NULL, '1', NULL, 'L21-708-NR103', 'VUNL5-020721', 'VIVIENDA UNIFAMILIAR', 'LOPEZ CACERES, CLAUDIA ANGELICA', '193597', '14 AVENIDA 8-18 LOTE 34 MZ J ZONA 5', '5', '170.97', '2', NULL, 'Q 464,695.88', NULL, 0, NULL, NULL, 2, 31, '2023-05-09 20:53:10'),
(266, '0377-2023', '2023-03-24', '2023-04-24', NULL, '1', NULL, 'L20-699-JM051', 'VUM10-150219', 'VIVIENDA UNIFAMILIAR', 'MORALES BATHEN, RAUL ANTONIO Y CDÑOS.', '198026', '2 CALLE 3-05 LOTE 16 MZ E ZONA 10', '10', '09.03', '2', NULL, 'Q 249,635.00', NULL, 0, NULL, NULL, 2, 31, '2023-05-09 20:53:10'),
(306, '0508-2023', '2023-04-28', '2023-05-28', NULL, '1', NULL, 'L23-195-JJ001', 'VUND5-020223', 'VIVIENDA UNIFAMILIAR', 'DE LEON, IRMA NELIDA CAMPOSECO MARTINEZ DE', '114505', 'DIAGONAL 3 C14-66', '5', '156.92', '1', NULL, 'Q 454,421.50', NULL, 1, NULL, NULL, 2, 33, '2023-05-09 21:21:19'),
(307, '0509-2023', '2023-04-29', '2023-05-29', NULL, '1', NULL, 'L23-196-JM59', 'VUNR5-030323', 'VIVIENDA UNIFAMILIAR', 'ROSAL MALDONADO, MIGUEL OSCAR', '174004', '6 CALLE 8-11 LOTE 53 MZ D', '5', '226.08', '2', NULL, 'Q 578,990.00', NULL, 1, NULL, NULL, 2, 33, '2023-05-09 21:21:34'),
(308, '0558-2023', '2023-04-30', '2023-05-30', NULL, '1', NULL, 'L23-164-LG014', 'VUNJ10-010123', 'VIVIENDA UNIFAMILIAR', 'JUCUP ORDOÑEZ, EDY OMAR Y CONDUEÑA', '202254', '8 CALLE 3-60B INTERIOR', '10', '93.74', '1', NULL, 'Q 218,427.20', NULL, 1, NULL, NULL, 2, 33, '2023-05-09 21:21:44'),
(309, '0510-2023', '2023-05-01', '2023-06-01', NULL, '1', NULL, 'L23-197-JM042', 'VUNN12-010223', 'VIVIENDA UNIFAMILIAR', 'NIMATUJ MAZARIEGOS, AURA JUDITH', '201196', '7 CALLE 5-25 MZ C LOTE 47', '12', '124.2', '2', NULL, 'Q 320,883.50', NULL, 0, NULL, NULL, 2, 33, '2023-05-09 20:59:18'),
(310, '0511-2023', '2023-05-02', '2023-06-02', NULL, '1', NULL, 'L23-198-JM041', 'VUNN12-020223', 'VIVIENDA UNIFAMILIAR', 'NIMATUJ MAZARIEGOS, AURA JUDITH', '201197', '7 CALLE 5-21 MZ C LOTE 48', '12', '124.2', '2', NULL, 'Q 320,883.50', NULL, 1, NULL, NULL, 2, 33, '2023-05-09 22:47:32'),
(311, '0512-2023', '2023-05-03', '2023-06-03', NULL, '1', NULL, 'L23-199-JM042', 'VUNN12-030223', 'VIVIENDA UNIFAMILIAR', 'NIMATUJ MAZARIEGOS, AURA JUDITH', '201195', '7 CALLE 5-17 MZ C LOTE 49', '12', '124.2', '2', NULL, 'Q 320,883.50', NULL, 1, NULL, NULL, 2, 33, '2023-05-10 04:46:26'),
(312, '0507-2023', '2023-05-04', '2023-06-04', NULL, '1', NULL, 'L23-194-JM004', 'VUNR2-010122', 'VIVIENDA UNIFAMILIAR', 'RAMIREZ REYES, LESSLYN DIXIANA', '200362', '12 CALLE 0-342', '2', '132.62', '1', NULL, 'Q 307,103.50', NULL, 0, NULL, NULL, 2, 33, '2023-05-09 20:59:18'),
(313, '0560-2023', '2023-05-05', '2023-06-05', NULL, '4', NULL, 'L23-217-JJ005', 'VUNG3-031122', '3 LOCALES COMERCIALES Y VIVIENDA UNIFAMILIAR', 'GOMEZ MACARIO, DAVID ALFREDO', '197660', '8 CALLE 25A-143', '3', '590.65', '3', NULL, 'Q 1,614,364.00', NULL, 0, NULL, NULL, 2, 33, '2023-05-09 20:59:18'),
(314, '0539-2023', '2023-05-06', '2023-06-06', NULL, '1', NULL, 'L22-177-LG014', 'VUNJ4-010122', 'VIVIENDA UNIFAMILIAR', 'JUAREZ CUPIL, SERGIO ALEXANDER', '200661', 'AVENIDA EL CENIZAL 5-29 F INTERIOR', '4', '50.4', '1', NULL, 'Q 155,618.40', NULL, 0, NULL, NULL, 2, 33, '2023-05-09 20:59:18'),
(315, '0514-2023', '2023-05-07', '2023-06-07', NULL, '1', NULL, 'L23-201-NR111', 'VUND11-010722', 'VIVIENDA UNIFAMILIAR', 'DESARROLLOS HABITACIONALES DEL SUROCCIDENTE', '200955', '5 CALLE 1-255 APTO. 6', '11', '67.76', '2', NULL, 'Q 169,400.00', NULL, 0, NULL, NULL, 2, 33, '2023-05-09 20:59:18'),
(316, '0515-2023', '2023-05-08', '2023-06-08', NULL, '1', NULL, 'L23-202-NR110', 'VUND11-020722', 'VIVIENDA UNIFAMILIAR', 'DESARROLLOS HABITACIONALES DEL SUROCCIDENTE', '200956', '5 CALLE 1-255 APTO. 7', '11', '67.84', '2', NULL, 'Q 169,600.00', NULL, 1, NULL, NULL, 2, 33, '2023-05-10 04:44:19'),
(317, '0513-2023', '2023-05-09', '2023-06-09', NULL, '1', NULL, 'L23-200-LG2145', 'VUND11-030722', 'VIVIENDA UNIFAMILIAR', 'DESARROLLOS HABITACIONALES DEL SUROCCIDENTE', '200954', '5 CALLE 1-255 APTO. 5', '11', '67.76', '2', NULL, 'Q 169,400.00', NULL, 1, NULL, NULL, 2, 33, '2023-05-10 04:43:27'),
(318, '0522-2023', '2023-05-10', '2023-06-10', NULL, '1', NULL, 'L23-208-SP021', 'VUNI12-051222', 'VIVIENDA UNIFAMILIAR', 'IMPULSADORA DE VIVIENDAS QUETZALTECAS S.A.', '200815', '4 AVENIDA 10B-03 LOTE 7', '12', '132', '2', NULL, 'Q 338,330.00', NULL, 1, NULL, NULL, 2, 33, '2023-05-10 04:43:12'),
(319, '0519-2023', '2023-05-11', '2023-06-11', NULL, '1', NULL, 'L23-205-SP022', 'VUNI12-061222', 'VIVIENDA UNIFAMILIAR', 'IMPULSADORA DE VIVIENDAS QUETZALTECAS S.A.', '200818', '4 AVENIDA 10B-03 LOTE 10', '12', '132', '2', NULL, 'Q 338,330.00', NULL, 1, NULL, NULL, 2, 33, '2023-05-10 04:43:20'),
(320, '0518-2023', '2023-05-12', '2023-06-12', NULL, '1', NULL, 'L23-203-SP024', 'VUNI12-071222', 'VIVIENDA UNIFAMILIAR', 'IMPULSADORA DE VIVIENDAS QUETZALTECAS S.A.', '200904', '4 AVENIDA 10B-03 LOTE 10', '12', '132', '2', NULL, 'Q 338,330.00', NULL, 1, NULL, NULL, 2, 33, '2023-05-10 04:43:03'),
(321, '0517-2023', '2023-05-13', '2023-06-13', NULL, '1', NULL, 'L23-209-NR014', 'VUNI12-081222', 'VIVIENDA UNIFAMILIAR', 'IMPULSADORA DE VIVIENDAS QUETZALTECAS S.A.', '200905', '4 AVENIDA 10B-03 LOTE 50', '12', '132', '2', NULL, 'Q 338,330.00', NULL, 1, NULL, NULL, 2, 33, '2023-05-10 04:43:38'),
(322, '0526-2023', '2023-05-14', '2023-06-14', NULL, '1', NULL, 'L23-212-NR010', 'VUNI12-091222', 'VIVIENDA UNIFAMILIAR', 'IMPULSADORA DE VIVIENDAS QUETZALTECAS S.A.', '200808', '4 AVENIDA 10B-03 LOTE 13', '12', '131.18', '2', NULL, 'Q 335,744.50', NULL, 0, NULL, NULL, 2, 33, '2023-05-09 20:59:18'),
(323, '0528-2023', '2023-05-15', '2023-06-15', NULL, '1', NULL, 'L23-214-NR011', 'VUNI12-101222', 'VIVIENDA UNIFAMILIAR', 'IMPULSADORA DE VIVIENDAS QUETZALTECAS S.A.', '200839', '4 AVENIDA 10B-03 LOTE 18', '12', '131.18', '2', NULL, 'Q 335,744.50', NULL, 0, NULL, NULL, 2, 33, '2023-05-09 20:59:18'),
(324, '0529-2023', '2023-05-16', '2023-06-16', NULL, '1', NULL, 'L23-215-NR012', 'VUNI12-111222', 'VIVIENDA UNIFAMILIAR', 'IMPULSADORA DE VIVIENDAS QUETZALTECAS S.A.', '200845', '4 AVENIDA 10B-03 LOTE 25', '12', '131.18', '2', NULL, 'Q 335,744.50', NULL, 0, NULL, NULL, 2, 33, '2023-05-09 20:59:18'),
(325, '0521-2023', '2023-05-17', '2023-06-17', NULL, '1', NULL, 'L23-207-NR013', 'VUNI12-121222', 'VIVIENDA UNIFAMILIAR', 'IMPULSADORA DE VIVIENDAS QUETZALTECAS S.A.', '200846', '4 AVENIDA 10B-03 LOTE 26', '12', '131.18', '2', NULL, 'Q 335,744.50', NULL, 1, NULL, NULL, 2, 33, '2023-05-10 04:43:53'),
(326, '0523-2023', '2023-05-18', '2023-06-18', NULL, '1', NULL, 'L23-209-NR014', 'VUNI12-131222', 'VIVIENDA UNIFAMILIAR', 'IMPULSADORA DE VIVIENDAS QUETZALTECAS S.A.', '200847', '4 AVENIDA 10B-03 LOTE 27', '12', '131.18', '2', NULL, 'Q 335,744.50', NULL, 1, NULL, NULL, 2, 33, '2023-05-10 04:46:18'),
(327, '0524-2023', '2023-05-19', '2023-06-19', NULL, '1', NULL, 'L23-210-NR015', 'VUNI12-141222', 'VIVIENDA UNIFAMILIAR', 'IMPULSADORA DE VIVIENDAS QUETZALTECAS S.A.', '200852', '4 AVENIDA 10B-03 LOTE 28', '12', '131.18', '2', NULL, 'Q 335,744.50', NULL, 0, NULL, NULL, 2, 33, '2023-05-09 20:59:18'),
(328, '0527-2023', '2023-05-21', '2023-06-21', NULL, '1', NULL, 'L23-213-NR017', 'VUNI12-161222', 'VIVIENDA UNIFAMILIAR', 'IMPULSADORA DE VIVIENDAS QUETZALTECAS S.A.', '200854', '4 AVENIDA 10B-03 LOTE 30', '12', '131.18', '2', NULL, 'Q 335,744.50', NULL, 0, NULL, NULL, 2, 33, '2023-05-09 20:59:18'),
(329, '0520-2023', '2023-05-22', '2023-06-22', NULL, '1', NULL, 'L23-206-NR018', 'VUNI12-171222', 'VIVIENDA UNIFAMILIAR', 'IMPULSADORA DE VIVIENDAS QUETZALTECAS S.A.', '200906', '4 AVENIDA 10B-03 LOTE 51', '12', '131.18', '2', NULL, 'Q 335,744.50', NULL, 0, NULL, NULL, 2, 33, '2023-05-09 20:59:18'),
(330, '0534-2023', '2023-05-23', '2023-06-23', NULL, NULL, NULL, 'L23-050-SP003', 'RPNR1-411122', 'VIVIENDA UNIFAMILIAR', 'RUANO CALDERON, EDI BORROMEO', '201433', '28 AVENIDA 9-80', '1', '107.64', '2', NULL, 'Q 291,591.00', NULL, 1, NULL, NULL, 2, 33, '2023-05-10 04:44:02'),
(331, '0541-2023', '2023-05-24', '2023-06-24', NULL, '4', NULL, 'L23-072-SP142', 'RPNP8-511122', '4 APARTAMENTOS', 'PEREZ, GRACIELA MARISOL AGUILAR LOPEZ DE', '132189', '34 AVENIDA D2-68', '8', '727.14', '3', NULL, 'Q 1,811,853.00', NULL, 1, NULL, NULL, 2, 33, '2023-05-10 04:44:12'),
(332, '0538-2023', '2023-05-25', '2023-06-25', '1', '1', NULL, 'L21-758-NR132', 'VUNA5-030921', 'VIVIENDA UNIFAMILIAR', 'ALFARO OROZCO, KARLA VIOLETA', '200910', '2 AVENIDA 4-15 LOTE 0-17 R.L.L', '5', '46.05', '1', NULL, 'Q 122,522.00', NULL, 0, NULL, NULL, 2, 33, '2023-05-09 20:59:18'),
(333, '0556-2023', '2023-05-26', '2023-06-26', NULL, '1', NULL, 'L21-839-SP170', 'VUNS12-040821', 'VIVIENDA UNIFAMILIAR', 'SANCHEZ YXCARAGUA, MIGUEL FERNANDO', '199304', '8 CALLE 0-92 LOTE 3', '12', '127.22', '2', NULL, 'Q 331,735.00', NULL, 0, NULL, NULL, 2, 33, '2023-05-09 20:59:18'),
(334, '0555-2023', '2023-05-27', '2023-06-27', NULL, '1', NULL, 'L21-840-SP171', 'VUNS12-050821', 'VIVIENDA UNIFAMILIAR', 'SANCHEZ YXCARAGUA, MIGUEL FERNANDO', '199305', '8 CALLE 0-92 LOTE 4', '12', '127.22', '2', NULL, 'Q 331,735.00', NULL, 1, NULL, NULL, 2, 33, '2023-05-10 04:44:30'),
(335, '0554-2023', '2023-05-28', '2023-06-28', NULL, '1', NULL, 'L21-841-SP173', 'VUNS12-070821', 'VIVIENDA UNIFAMILIAR', 'SANCHEZ YXCARAGUA, MIGUEL FERNANDO', '199307', '8 CALLE 0-92 LOTE 6', '12', '127.22', '2', NULL, 'Q 331,735.00', NULL, 1, NULL, NULL, 2, 33, '2023-05-10 04:46:42'),
(336, '0553-2023', '2023-05-29', '2023-06-29', NULL, '1', NULL, 'L21-842-SP174', 'VUNS12-080821', 'VIVIENDA UNIFAMILIAR', 'SANCHEZ YXCARAGUA, MIGUEL FERNANDO', '199308', '8 CALLE 0-92 LOTE 7', '12', '127.22', '2', NULL, 'Q 331,735.00', NULL, 0, NULL, NULL, 2, 33, '2023-05-09 20:59:18'),
(337, '0552-2023', '2023-05-30', '2023-06-30', NULL, '1', NULL, 'L21-843-SP175', 'VUNS12-090821', 'VIVIENDA UNIFAMILIAR', 'SANCHEZ YXCARAGUA, MIGUEL FERNANDO', '199356', '8 CALLE 0-92 LOTE 9', '12', '127.22', '2', NULL, 'Q 331,735.00', NULL, 0, NULL, NULL, 2, 33, '2023-05-09 20:59:18'),
(338, '0551-2023', '2023-05-31', '2023-07-01', NULL, '1', NULL, 'L21-844-SP176', 'VUNS12-100821', 'VIVIENDA UNIFAMILIAR', 'SANCHEZ YXCARAGUA, MIGUEL FERNANDO', '199357', '8 CALLE 0-92 LOTE 10', '12', '127.22', '2', NULL, 'Q 331,735.00', NULL, 0, NULL, NULL, 2, 33, '2023-05-09 20:59:18'),
(339, '0550-2023', '2023-06-01', '2023-07-01', NULL, '1', NULL, 'L21-822-SP177', 'VUNS12-110821', 'VIVIENDA UNIFAMILIAR', 'SANCHEZ YXCARAGUA, MIGUEL FERNANDO', '199311', '8 CALLE 0-92 LOTE 13', '12', '127.22', '2', NULL, 'Q 331,735.00', NULL, 0, NULL, NULL, 2, 33, '2023-05-09 20:59:18'),
(340, '0549-2023', '2023-06-02', '2023-07-02', NULL, '1', NULL, 'L21-832-SP178', 'VUNS12-120821', 'VIVIENDA UNIFAMILIAR', 'SANCHEZ YXCARAGUA, MIGUEL FERNANDO', '199313', '8 CALLE 0-92 LOTE 15', '12', '127.22', '2', NULL, 'Q 331,735.00', NULL, 0, NULL, NULL, 2, 33, '2023-05-09 20:59:18'),
(341, '0548-2023', '2023-06-03', '2023-07-03', NULL, '1', NULL, 'L21-833-SP179', 'VUNS12-130821', 'VIVIENDA UNIFAMILIAR', 'SANCHEZ YXCARAGUA, MIGUEL FERNANDO', '199314', '8 CALLE 0-92 LOTE 16', '12', '127.22', '2', NULL, 'Q 331,735.00', NULL, 0, NULL, NULL, 2, 33, '2023-05-09 20:59:18'),
(342, '0547-2023', '2023-06-04', '2023-07-04', NULL, '1', NULL, 'L21-834-SP180', 'VUNS12-140821', 'VIVIENDA UNIFAMILIAR', 'SANCHEZ YXCARAGUA, MIGUEL FERNANDO', '199358', '8 CALLE 0-92 LOTE 17', '12', '127.22', '2', NULL, 'Q 331,735.00', NULL, 0, NULL, NULL, 2, 33, '2023-05-09 20:59:18'),
(343, '0546-2023', '2023-06-05', '2023-07-05', NULL, '1', NULL, 'L21-835-SP181', 'VUNS12-150821', 'VIVIENDA UNIFAMILIAR', 'SANCHEZ YXCARAGUA, MIGUEL FERNANDO', '199359', '8 CALLE 0-92 LOTE 18', '12', '127.22', '2', NULL, 'Q 331,735.00', NULL, 0, NULL, NULL, 2, 33, '2023-05-09 20:59:18'),
(344, '0545-2023', '2023-06-06', '2023-07-06', NULL, '1', NULL, 'L21-836-SP182', 'VUNS12-160821', 'VIVIENDA UNIFAMILIAR', 'SANCHEZ YXCARAGUA, MIGUEL FERNANDO', '199360', '8 CALLE 0-92 LOTE 19', '12', '127.22', '2', NULL, 'Q 331,735.00', NULL, 0, NULL, NULL, 2, 33, '2023-05-09 20:59:18'),
(345, '0544-2023', '2023-06-07', '2023-07-07', NULL, '1', NULL, 'L21-837-SP183', 'VUNS12-170821', 'VIVIENDA UNIFAMILIAR', 'SANCHEZ YXCARAGUA, MIGUEL FERNANDO', '199316', '8 CALLE 0-92 LOTE 20', '12', '127.22', '2', NULL, 'Q 331,735.00', NULL, 0, NULL, NULL, 2, 33, '2023-05-09 20:59:18'),
(346, '0543-2023', '2023-06-08', '2023-07-08', NULL, '1', NULL, 'L21-838-SP184', 'VUNS12-180821', 'VIVIENDA UNIFAMILIAR', 'SANCHEZ YXCARAGUA, MIGUEL FERNANDO', '199315', '8 CALLE 0-92 LOTE 21', '12', '127.22', '2', NULL, 'Q 331,735.00', NULL, 0, NULL, NULL, 2, 33, '2023-05-09 20:59:18'),
(347, '0557-2023', '2023-06-09', '2023-07-09', NULL, '1', NULL, 'L21-611-LG079', 'VUNCR-530621', 'VIVIENDA UNIFAMILIAR', 'COMPLEJOS COLONIALES S.A.', '200323', 'CANTON CHICHIGUITAN 2 CALLE 17-58 LOTE 263 MZ M', 'R', '113.56', '2', NULL, 'Q 299,860.00', NULL, 0, NULL, NULL, 2, 33, '2023-05-09 20:59:18'),
(348, '0542-2023', '2023-06-10', '2023-07-10', NULL, '1', NULL, 'L22-286-SP047', 'RPNW5-5201221', 'VIVIENDA UNIFAMILIAR', 'WOHLERS ARGUETA, LILY ANGELINA', '197750', '5 CALLE A 9-127', '5', '198.26', '1', NULL, 'Q 402,996.00', NULL, 0, NULL, NULL, 2, 33, '2023-05-09 20:59:18'),
(349, '0530-2023', '2023-06-11', '2023-07-11', '1', '1', NULL, 'L22-202-LG016', 'RPND10-401021', 'VIVIENDA UNIFAMILIAR', 'DE LEON CALDERON, LUIS ARMANDO', '188597', '13 CALLE 0-50 LOTE 19', '10', '159.75', '2', NULL, 'Q 423,336.00', NULL, 0, NULL, NULL, 2, 33, '2023-05-09 20:59:18'),
(350, '0540-2023', '2023-06-12', '2023-07-12', NULL, NULL, NULL, 'L20-135-EC014', 'VUNF9-030120', 'VIVIENDA UNIFAMILIAR', 'FAWO, S.A.', '198874', '3 CALLE 10-61 LOTE 4', '9', '93.6', '2 (1ER 46.8, 2DO 46.8)', NULL, 'Q 236,356.20', NULL, 1, NULL, NULL, 2, 33, '2023-05-10 04:46:09'),
(351, NULL, '2023-05-05', '2023-06-05', NULL, '1', NULL, 'L23-218-JM68', 'VUNM5-010323', 'VIVIENDA UNIFAMILIAR', 'MARROQUIN, BELIA ROSA EVHEVERRIA ACEVEDO DE', '202599', '15 CALLE 9B-30 LOTE 7 MZ K', '5', '181.9', '2', NULL, 'Q523,644.00', NULL, 2, NULL, NULL, 2, 34, '2023-05-10 04:36:42'),
(352, '0561x-2024', '2023-05-05', '2023-06-05', NULL, '2', NULL, 'L23-220-JM66', 'VUNL6-010323', 'VIVIENDA BIFAMILIAR', 'LOPEZ SANCHEZ, LAZARO', '202815', '9 CALLE 2-31', '6', '200.72', '2', NULL, 'Q520,889.00', NULL, 1, NULL, NULL, 2, 34, '2023-05-10 04:41:29'),
(353, '0561x-2025', '2023-05-05', '2023-06-05', NULL, '1', NULL, 'L23-219-JM58', 'VUNT8-010323', 'VIVIENDA UNIFAMILIAR', 'TAX RAMIREZ, DEBORA ABIGAIL', '201344', '9 CALLE B 36C-52', '8', '214.56', '2', NULL, 'Q596,385.50', NULL, 1, NULL, NULL, 2, 34, '2023-05-10 04:41:53'),
(354, '0561x-2026', '2023-05-05', '2023-06-05', NULL, '1', NULL, 'L23-165-NR002', 'RPNM10-020123', 'VIVIENDA UNIFAMILIAR', 'MORALES RACANCOJ, BYRON JOSUE', '202624', '6 CALLE 6-26J INTERIOR', '10', '175.02', '2', NULL, 'Q512,392.00', NULL, 1, NULL, NULL, 2, 34, '2023-05-10 04:42:03'),
(355, '0561x-2027', '2023-05-05', '2023-06-05', NULL, '4', NULL, 'L22-850-SP094', 'VUNS9-030722', '4 CLINICAS', 'SIQUINA YAC, PEDRO GONZALO', '201673', '6 AVENIDA 0-44', '9', '348.6', '4', NULL, 'Q1,081,633.00', NULL, 1, NULL, NULL, 2, 34, '2023-05-10 04:42:11'),
(356, '0561x-2028', '2023-05-05', '2023-06-05', NULL, '1', NULL, 'L22-471-NR067', 'VUNS1-020522', 'VIVIENDA UNIFAMILIAR', 'SOCH CHUVAC, HECTOR RAUL', '198614', '10 CALLE 15-25', '1', '99.96', '2', NULL, 'Q258,083.00', NULL, 1, NULL, NULL, 2, 34, '2023-05-10 04:42:23'),
(357, '0561x-2029', '2023-05-05', '2023-06-05', NULL, '1', NULL, 'L23- 177-JM193', 'RPNT6-401122', 'VIVIENDA UNIFAMILIAR', 'TOC, REBECA MORALES TAMBRIZ DE', '158108', 'CERO AVENIDA C 2-40 LOTE 140', '6', '60.79', '1', NULL, 'Q133,109.00', NULL, 1, NULL, NULL, 2, 34, '2023-05-10 04:42:30'),
(358, '0561x-2030', '2023-05-05', '2023-06-05', NULL, '4', NULL, 'L23-072-SP142', 'RPNP8-511122', '4 APARTAMENTOS', 'PEREZ, GRACIELA MARISOL AGUILAR LOPEZ DE', '132189', '34 AVENIDA D2-68', '8', '727.14', '3', NULL, 'Q1,811,853.00', NULL, 1, NULL, NULL, 2, 34, '2023-05-10 04:42:41'),
(359, '0561x-2031', '2023-05-05', '2023-06-05', NULL, '1', NULL, 'L22-465-LG073', 'RPNCR-010122', 'VIVIENDA UNIFAMILIAR / USO PARA GUARDAR ANIMALES', 'CITALAN OROZCO, WILFRIDO ALEXIO', '201703', 'CANTON CHUICAVIOC SECTOR 2', 'R', '101.25', '1', NULL, 'Q202,500.00', NULL, 0, NULL, NULL, 2, 34, '2023-05-09 22:52:23'),
(360, '0561x-2032', '2023-05-05', '2023-06-05', NULL, '1', NULL, 'L22-457-SP160', 'RPNP6-120522', 'VIVIENDA UNIFAMILIAR', 'PEREZ ALVAREZ, PEDRO MIGUEL Y CONDUEÑO', '202583', '6 CALLE 3-75E INTERIOR', '6', '152.63', '1', NULL, 'Q305,260.00', NULL, 0, NULL, NULL, 2, 34, '2023-05-09 22:52:23'),
(361, '0561x-2033', '2023-05-05', '2023-06-05', NULL, '1', NULL, 'L21-771-MP143', 'VUNM5-081021', 'VIVIENDA UNIFAMILIAR', 'MALDONADO REYES, MIRIAM VERONICA', '174129', '11 AVENIDA 1-81 LOTE 41 MZ G', '5', '104.9', '2', NULL, 'Q302,208.50', NULL, 0, NULL, NULL, 2, 34, '2023-05-09 22:52:23'),
(362, '0561x-2034', '2023-05-05', '2023-06-05', NULL, '1', NULL, 'L21-845-SP172', 'VUNS12-060821', 'VIVIENDA UNIFAMILIAR', 'SANCHEZ YXCARAGUA, MIGUEL FERNANDO', '199306', '8 CALLE 0-92 LOTE 5', '12', '127.22', '2', NULL, 'Q331,735.00', NULL, 0, NULL, NULL, 2, 34, '2023-05-09 22:52:23'),
(363, '0561x-2035', '2023-05-05', '2023-06-05', NULL, '1', NULL, 'L21-459-NR047', 'VUNCR-310521', 'VIVIENDA UNIFAMILIAR', 'COMPLEJOS COLONIALES S.A.', '198489', 'LOTE 21 MZ C CONDOMINIO XELAGARDENS FASE 3', 'R', '98.06', '2', NULL, 'Q252,920.00', 'CAMBIO DE PROPIETARIO', 0, NULL, NULL, 2, 34, '2023-05-09 22:52:23'),
(364, '0561x-2036', '2023-05-05', '2023-06-05', NULL, '1', NULL, 'L21-936-NR189', 'RPNP9-060321', 'VIVIENDA UNIFAMILIAR', 'PAXTOR MALDONADO, SANTOS DEMETRIO', '201345', 'CALLEJON 5B 6-152', '9', '278.45', '2', NULL, 'Q696,125.00', NULL, 0, NULL, NULL, 2, 34, '2023-05-09 22:52:23'),
(365, '0561x-2037', '2023-05-05', '2023-06-05', NULL, '1', NULL, 'L20-181-SP054', 'VUNI10-020220', 'VIVIENDA UNIFAMILIAR', 'INMOBILIARIA ANDINA S.A.', '195677', '13 CALLE 0-60 LOTE 17', '10', '113.32', '2 (56.66, 56.66)', NULL, 'Q283,300.00', NULL, 0, NULL, NULL, 2, 34, '2023-05-09 22:52:23'),
(366, '0561x-2038', '2023-05-05', '2023-06-05', '1', '1', NULL, 'L20-198-EC059', 'VUNP3-021219', 'VIVIENDA BIFAMILIAR', 'PEREZ NORATO MARIA HORTENCIA Y CONDUEÑOS', '5722', 'DIAGONAL 3, 25-22 ZONA 3', '3', '220.68', '2 + MODULO DE GRADAS', NULL, 'Q551,700.00', NULL, 0, NULL, NULL, 2, 34, '2023-05-09 22:52:23'),
(367, '0561x-2039', '2023-05-05', '2023-06-05', '1', NULL, NULL, 'L19-478-JM112', 'VUNC12-010819', 'AMPLIACION DE VIVIENDA UNIFAMILIAR', 'CIFUENTES LOPEZ, DUSLEY BERMEN', '185707', '1 AVENIDA 4-03, LOTE #442 MZ Q ZONA 12', '12', '135.83', '1ER Y 2DO.', NULL, 'Q345,052.50', NULL, 0, NULL, NULL, 2, 34, '2023-05-09 22:52:23'),
(368, '0561x-2040', '2023-05-05', '2023-06-05', NULL, '1', NULL, 'L23-031-JM003', 'RPNK8-031019', 'VIVIENDA UNIFAMILIAR', 'KOPLER ARROYO, MARBETH YECENIA', '198740', 'CALLEJON 24 4-71', '8', '93.1', '2', NULL, 'Q232,750.00', NULL, 0, NULL, NULL, 2, 34, '2023-05-09 22:52:23'),
(369, '0561x-2041', '2023-05-05', '2023-06-05', NULL, '1', NULL, 'L19-092-JC005', 'VUA3-050918', 'PISCINAS AQUA FITNES', 'ARANGO BENECKE, CARLOS DANILO Y CDÑO.', '5918', 'DIAGONAL 2 29A-97', '3', '1639.69', '2', NULL, 'Q4,099,225.00', NULL, 0, NULL, NULL, 2, 34, '2023-05-09 22:52:23');
INSERT INTO `certi` (`id`, `numero`, `fecha_extension`, `fecha_vencimiento`, `unidades_funcionales_existentes`, `unidades_funcionales_autorizadas`, `fecha_pago_licencia`, `no_licencia`, `no_expediente`, `destino_autorizado`, `nombre_propietario`, `codigo_inmueble`, `direccion_inmueble`, `zona`, `area_construccion_autorizada`, `cantidad_niveles`, `m_cuadrados_muro_perimetral`, `costo_obra`, `razonamiento`, `estado`, `id_autorizacion_uso_certi`, `id_usuario_jefatura_valida`, `id_usuario_subio_certi`, `id_paquete`, `updated_at`) VALUES
(370, '0561x-2042', '2023-05-05', '2023-06-05', NULL, '1', NULL, 'L13-2012', '61-R12', 'VIVIENDA UNIFAMILIAR', 'RENOIR, S.A.', '184965', 'CERO AVENIDA 6-33 LOTE 22, ZONA 6 ARAUCARIAS DEL BOSQUE', '6', '102.7', '2', NULL, 'Q82,160.00', NULL, 0, NULL, NULL, 2, 34, '2023-05-09 22:52:23'),
(371, '0561x-2043', '2023-05-05', '2023-06-05', NULL, '1', NULL, 'L21-1028-NR204', 'RPNSR-540621', 'VIVIENDA UNIFAMILIAR + TERRAZA', 'SALAZAR SACALXOT, HERVER GABRIEL', '201566', '1 AVENIDA 2-37 LOTE 22 MZ E', '10', '54.03', '1', NULL, 'Q135,062.50', NULL, 0, NULL, NULL, 2, 34, '2023-05-09 22:52:23'),
(372, '0561x-2044', '2023-05-05', '2023-06-05', NULL, '1', NULL, 'CT-124-14', '9S-07-14', 'VIVIENDA UNIFAMILIAR DE 2 NIVELES, 68.3 C/U', 'SOTO , MARIA CECILIA CHINCHILLA MAZARIEGOS DE', '23670', '9 CALLE 4-88 ZONA 9, CEREZOS', '9', '136.6', '2', NULL, 'Q103,160.00', NULL, 0, NULL, NULL, 2, 34, '2023-05-09 22:52:23'),
(373, '0561x-2045', '2023-05-05', '2023-06-05', NULL, '1', NULL, 'CT-102-14', '12S-11-14', 'VIVIENDA UNIFAMILIAR DE 2 NIVELES 61.80C/U', 'SOTO, MARIA CECILIA CHINCHILLA M DE', '192602', 'LOTE 22 MANZANA J ZONA 12', '12', '123.6', '2', NULL, 'Q116,636.00', NULL, 0, NULL, NULL, 2, 34, '2023-05-09 22:52:23'),
(374, '0561x-2046', '2023-05-05', '2023-06-05', NULL, '1', NULL, 'L176-2010', 'G63-82010', 'VIVIENDA UNIFAMILIAR DE 1 NIVEL', 'GONZALES GOMEZ, GERMAN RENE', '182246', '14 CALLE E, 1-16 LOTE 7 ZONA 6', '6', '32.5', '1', NULL, 'Q26,000.00', NULL, 0, NULL, NULL, 2, 34, '2023-05-09 22:52:23');

-- --------------------------------------------------------

--
-- Estructura de tabla para la tabla `paquete`
--

CREATE TABLE `paquete` (
  `id` int NOT NULL,
  `fecha` date NOT NULL,
  `cantidad` int NOT NULL,
  `observaciones` varchar(500) CHARACTER SET utf8mb4 COLLATE utf8mb4_unicode_ci NOT NULL,
  `usuario_firma` int DEFAULT NULL,
  `usuario_realiza` int NOT NULL,
  `created_at` timestamp NOT NULL DEFAULT CURRENT_TIMESTAMP,
  `updated_at` timestamp NOT NULL DEFAULT CURRENT_TIMESTAMP
) ENGINE=InnoDB DEFAULT CHARSET=utf8mb4 COLLATE=utf8mb4_unicode_ci;

--
-- Volcado de datos para la tabla `paquete`
--

INSERT INTO `paquete` (`id`, `fecha`, `cantidad`, `observaciones`, `usuario_firma`, `usuario_realiza`, `created_at`, `updated_at`) VALUES
(25, '2023-05-05', 24, 'firmas sub_jefe', NULL, 2, '2023-05-05 17:19:28', '2023-05-05 17:19:28'),
(27, '2023-05-05', 2, 'FIRMA SUB JEFE', NULL, 2, '2023-05-05 17:54:32', '2023-05-05 17:54:32'),
(28, '2023-01-20', 25, 'FIRMA SUB JEFE', NULL, 2, '2023-05-09 20:24:29', '2023-05-09 20:24:29'),
(29, '2023-01-03', 2, 'FIRMA SUB JEFE', NULL, 2, '2023-05-09 20:38:26', '2023-05-09 20:38:26'),
(30, '2023-02-24', 35, 'FIRMA SUB JEFE', NULL, 2, '2023-05-09 20:47:33', '2023-05-09 20:47:33'),
(31, '2023-03-24', 18, 'FIRMA SUB JEFE', NULL, 2, '2023-05-09 20:53:09', '2023-05-09 20:53:10'),
(33, '2022-04-28', 45, 'FIRMA SUB JEFE', NULL, 2, '2023-05-09 20:59:18', '2023-05-09 20:59:18'),
(34, '2023-05-09', 24, 'firma su jefe', NULL, 2, '2023-05-09 22:52:22', '2023-05-09 22:52:23');

-- --------------------------------------------------------

--
-- Estructura de tabla para la tabla `rol`
--

CREATE TABLE `rol` (
  `id` bigint UNSIGNED NOT NULL,
  `nombre` varchar(50) CHARACTER SET utf8mb4 COLLATE utf8mb4_unicode_ci NOT NULL,
  `descripcion` varchar(150) CHARACTER SET utf8mb4 COLLATE utf8mb4_unicode_ci DEFAULT NULL,
  `created_at` timestamp NULL DEFAULT NULL,
  `updated_at` timestamp NULL DEFAULT NULL
) ENGINE=InnoDB DEFAULT CHARSET=utf8mb4 COLLATE=utf8mb4_unicode_ci;

--
-- Volcado de datos para la tabla `rol`
--

INSERT INTO `rol` (`id`, `nombre`, `descripcion`, `created_at`, `updated_at`) VALUES
(1, 'Administrador', 'CONTROL DE OBRAS JEFATURA', '2023-04-11 18:06:48', '2023-04-11 18:06:48'),
(2, 'Operador', 'CONTROL DE OBRAS OPERADOR', '2023-04-11 18:06:48', '2023-04-11 18:06:48'),
(3, 'Cliente', 'OTRAS DEPENDENCIAS', '2023-04-11 18:06:48', '2023-04-11 18:06:48'),
(4, 'Informatica', 'INFORMÁTICA', '2023-04-11 18:06:48', '2023-04-11 18:06:48');

-- --------------------------------------------------------

--
-- Estructura de tabla para la tabla `tipo_autorizacion`
--

CREATE TABLE `tipo_autorizacion` (
  `id` int NOT NULL,
  `nombre` varchar(150) COLLATE utf8mb4_unicode_ci NOT NULL
) ENGINE=InnoDB DEFAULT CHARSET=utf8mb4 COLLATE=utf8mb4_unicode_ci;

-- --------------------------------------------------------

--
-- Estructura de tabla para la tabla `users`
--

CREATE TABLE `users` (
  `id` bigint UNSIGNED NOT NULL,
  `name` varchar(100) CHARACTER SET utf8mb4 COLLATE utf8mb4_unicode_ci NOT NULL,
  `username` varchar(50) CHARACTER SET utf8mb4 COLLATE utf8mb4_unicode_ci NOT NULL,
  `email` varchar(100) CHARACTER SET utf8mb4 COLLATE utf8mb4_unicode_ci NOT NULL,
  `email_verified_at` timestamp NULL DEFAULT NULL,
  `activo` tinyint(1) NOT NULL DEFAULT '1',
  `password` varchar(100) CHARACTER SET utf8mb4 COLLATE utf8mb4_unicode_ci NOT NULL,
  `remember_token` varchar(100) CHARACTER SET utf8mb4 COLLATE utf8mb4_unicode_ci DEFAULT NULL,
  `created_at` timestamp NULL DEFAULT NULL,
  `updated_at` timestamp NULL DEFAULT NULL,
  `rol_id` bigint UNSIGNED NOT NULL
) ENGINE=InnoDB DEFAULT CHARSET=utf8mb4 COLLATE=utf8mb4_unicode_ci;

--
-- Volcado de datos para la tabla `users`
--

INSERT INTO `users` (`id`, `name`, `username`, `email`, `email_verified_at`, `activo`, `password`, `remember_token`, `created_at`, `updated_at`, `rol_id`) VALUES
(1, 'Ricardo Mérida', 'ricardo', 'muni@gmail.com', NULL, 1, '$2y$10$g4yqkhsmmW1L4gQdQyZss.44HtfusDqGK8qKLwsq0F2nuudbE8Fee', NULL, '2023-04-11 18:06:48', '2023-04-11 18:06:48', 1),
(2, 'Daniela', 'daniela', 'muni@gmail.com', NULL, 1, '$2y$10$VRqb3aBMe57E2KNy/2MSc.MddG0jjxct0XDGn37wHsmbBQhuIIKvC', NULL, '2023-04-11 18:06:48', '2023-04-11 18:06:48', 2),
(3, 'emax_1', 'emax_1', 'muni@gmail.com', NULL, 1, '$2y$10$qW/PDiaJzClhjZv9bhLleubJaDAvQIsO3EwFZVTYOvyDSSrT2DIjy', NULL, '2023-04-11 18:06:48', '2023-04-11 18:06:48', 3),
(4, 'Informatica', 'informatica', 'muni@gmail.com', NULL, 1, '$2y$10$dUEUPPDeb/hJ/g/Z1yLTRumvNa6kcgDSJSgDUqo.prM7yA/24Xvpm', NULL, '2023-04-11 18:06:48', '2023-04-11 18:06:48', 4),
(5, 'Fredy', 'fredy', 'muni@gmail.com', NULL, 1, '$2y$10$g4yqkhsmmW1L4gQdQyZss.44HtfusDqGK8qKLwsq0F2nuudbE8Fee', NULL, '2023-04-11 18:06:48', '2023-04-11 18:06:48', 1),
(6, 'eemq_1', 'eemq_1', 'muni@gmail.com', NULL, 1, '$2y$10$qW/PDiaJzClhjZv9bhLleubJaDAvQIsO3EwFZVTYOvyDSSrT2DIjy', NULL, '2023-04-11 18:06:48', '2023-04-11 18:06:48', 3),
(7, 'drenajes_1', 'drenajes_1', 'muni@gmail.com', NULL, 1, '$2y$10$qW/PDiaJzClhjZv9bhLleubJaDAvQIsO3EwFZVTYOvyDSSrT2DIjy', NULL, '2023-04-11 18:06:48', '2023-04-11 18:06:48', 3);

--
-- Índices para tablas volcadas
--

--
-- Indices de la tabla `aprobacion`
--
ALTER TABLE `aprobacion`
  ADD PRIMARY KEY (`id`),
  ADD KEY `id_certi` (`id_certi`);

--
-- Indices de la tabla `certi`
--
ALTER TABLE `certi`
  ADD PRIMARY KEY (`id`),
  ADD UNIQUE KEY `numero` (`numero`),
  ADD KEY `id_autorizacion_uso_certi` (`id_autorizacion_uso_certi`),
  ADD KEY `id_paquete` (`id_paquete`);

--
-- Indices de la tabla `paquete`
--
ALTER TABLE `paquete`
  ADD PRIMARY KEY (`id`);

--
-- Indices de la tabla `rol`
--
ALTER TABLE `rol`
  ADD PRIMARY KEY (`id`);

--
-- Indices de la tabla `tipo_autorizacion`
--
ALTER TABLE `tipo_autorizacion`
  ADD PRIMARY KEY (`id`);

--
-- Indices de la tabla `users`
--
ALTER TABLE `users`
  ADD PRIMARY KEY (`id`),
  ADD KEY `rol_id` (`rol_id`);

--
-- AUTO_INCREMENT de las tablas volcadas
--

--
-- AUTO_INCREMENT de la tabla `aprobacion`
--
ALTER TABLE `aprobacion`
  MODIFY `id` int NOT NULL AUTO_INCREMENT, AUTO_INCREMENT=32;

--
-- AUTO_INCREMENT de la tabla `certi`
--
ALTER TABLE `certi`
  MODIFY `id` int NOT NULL AUTO_INCREMENT, AUTO_INCREMENT=375;

--
-- AUTO_INCREMENT de la tabla `paquete`
--
ALTER TABLE `paquete`
  MODIFY `id` int NOT NULL AUTO_INCREMENT, AUTO_INCREMENT=35;

--
-- AUTO_INCREMENT de la tabla `rol`
--
ALTER TABLE `rol`
  MODIFY `id` bigint UNSIGNED NOT NULL AUTO_INCREMENT, AUTO_INCREMENT=5;

--
-- AUTO_INCREMENT de la tabla `tipo_autorizacion`
--
ALTER TABLE `tipo_autorizacion`
  MODIFY `id` int NOT NULL AUTO_INCREMENT;

--
-- AUTO_INCREMENT de la tabla `users`
--
ALTER TABLE `users`
  MODIFY `id` bigint UNSIGNED NOT NULL AUTO_INCREMENT, AUTO_INCREMENT=8;

--
-- Restricciones para tablas volcadas
--

--
-- Filtros para la tabla `aprobacion`
--
ALTER TABLE `aprobacion`
  ADD CONSTRAINT `aprobacion_ibfk_1` FOREIGN KEY (`id_certi`) REFERENCES `certi` (`id`) ON DELETE CASCADE ON UPDATE CASCADE;

--
-- Filtros para la tabla `certi`
--
ALTER TABLE `certi`
  ADD CONSTRAINT `certi_ibfk_1` FOREIGN KEY (`id_autorizacion_uso_certi`) REFERENCES `tipo_autorizacion` (`id`) ON DELETE CASCADE ON UPDATE CASCADE,
  ADD CONSTRAINT `certi_ibfk_2` FOREIGN KEY (`id_paquete`) REFERENCES `paquete` (`id`) ON DELETE RESTRICT ON UPDATE CASCADE;

--
-- Filtros para la tabla `users`
--
ALTER TABLE `users`
  ADD CONSTRAINT `users_ibfk_1` FOREIGN KEY (`rol_id`) REFERENCES `rol` (`id`) ON DELETE CASCADE ON UPDATE CASCADE;
COMMIT;

/*!40101 SET CHARACTER_SET_CLIENT=@OLD_CHARACTER_SET_CLIENT */;
/*!40101 SET CHARACTER_SET_RESULTS=@OLD_CHARACTER_SET_RESULTS */;
/*!40101 SET COLLATION_CONNECTION=@OLD_COLLATION_CONNECTION */;
